Workbook
Name aa: days+weeks*7
Name asadasd: aa+[0]!firstdate-WEEKDAY([0]!firstdate)-weekday_option
Name assigntype: #REF!
Name calendar: 'Request New User Hybrid'!daygrid+'Request New User Hybrid'!firstdate-WEEKDAY('Request New User Hybrid'!firstdate)-'Request New User Hybrid'!weekday_option
Name calendar: daygrid+[0]!firstdate-WEEKDAY([0]!firstdate)-weekday_option
Name channel: #REF!
Name daygrid: 'Request New User Hybrid'!days+'Request New User Hybrid'!weeks*7
Name daygrid: days+weeks*7
Name daypattern: {1,1,2,2,3,3,4,4,5,5,6,6,7}
Name daypattern: {1,1,2,2,3,3,4,4,5,5,6,6,7}
Name days: {0,1,2,3,4,5,6}
Name days: {0,1,2,3,4,5,6}
Name DayToStart: #REF!
Name Display_Week: #REF!
Name firstdate: DATE([0]!YearToDisplay,'Request New User Hybrid'!month,1)
Name firstdate: DATE([0]!YearToDisplay,[0]!month,1)
Name month: MATCH([0]!MonthToDisplay,'Request New User Hybrid'!months,0)
Name month: MATCH([0]!MonthToDisplay,months,0)
Name months: {"January","February","March","April","May","June","July","August","September","October","November","December"}
Name months: {"January","February","March","April","May","June","July","August","September","October","November","December"}
Name MonthToDisplay: #REF!
Name MonthToDisplayNumber: MATCH([0]!MonthToDisplay,'Request New User Hybrid'!months,0)
Name MonthToDisplayNumber: MATCH([0]!MonthToDisplay,months,0)
Name nasional: #REF!
Name position: #REF!
Name prefnotchnl: #REF!
Name Project_Start: #REF!
Name roles: #REF!
Name weekday_option: MATCH([0]!DayToStart,'Request New User Hybrid'!weekdays_reversed,0)-2
Name weekday_option: MATCH(DayToStart,weekdays_reversed,0)-2
Name weekdays: {"Monday","Tuesday","Wednesday","Thursday","Friday","Saturday","Sunday"}
Name weekdays: {"Monday","Tuesday","Wednesday","Thursday","Friday","Saturday","Sunday"}
Name weekdays_reversed: {"Sunday","Saturday","Friday","Thursday","Wednesday","Tuesday","Monday"}
Name weekdays_reversed: {"Sunday","Saturday","Friday","Thursday","Wednesday","Tuesday","Monday"}
Name weeks: {0;1;2;3;4;5;6}
Name weeks: {0;1;2;3;4;5;6}
Name YearToDisplay: #REF!
Name yorn: #REF!

Sheet Request New User Hybrid
A3: DSE MOVEMENT TEMPLATE
A4: BRAND (IM3/3ID) | B4: REGION | C4: BRANCH | D4: MICRO CLUSTER | E4: PARTNER TERRITORY | F4: MPX Im3 | G4: MPX 3ID | H4: ID DSE Im3 | I4: ID DSE 3ID | J4: AGENCY NAME | K4: NAMA DSE | L4: ALAMAT | M4: NO KTP | N4: JENIS KELAMIN | O4: ROLE (SPV/CSO) | P4: MSISDN (YG DIDAFTARKAN MOBO) | Q4: EMAIL | R4: REMARKS | S4: RAYON
A5: IOH | B5: INNER JAKARTA | C5: WEST JAKARTA | D5: CS CENGKARENG | E5: PT-CENGKARENG | F5: SDP22310006 | G5: KSK52606209 | H5: DSETTE1 | I5: =H5&"3ID" -> DSETTE13ID | J5: PERMATA | K5: Rizki Ramdhani | L5: JL MANGGIS NO 36 RT.003/RW.005 KOTA JAKARTA BARAT 11630 | M5: 3.1730825e+15 | N5: LAKI-LAKI | O5: CSO | P5: 62895396012060 | Q5: kiki290391@gmail.com | R5: DONE
H6: DSE123 | I6: =H6&"3ID" -> DSE1233ID | K6: Indra
H7: CSO-SDEW | I7: 1-23423423
H8: DSE-DSNH | I8: 234234234
H9: 234234234 | I9: 2342342343ID
A10: BRAND (IM3/3ID) | B10: REGION | C10: BRANCH | D10: MICRO CLUSTER | E10: PARTNER TERRITORY | F10: MPX Im3 | G10: MPX 3ID | H10: ID DSE Im3 | I10: ID DSE 3ID | J10: AGENCY NAME | K10: NAMA DSE | L10: ALAMAT | M10: NO KTP | N10: JENIS KELAMIN | O10: ROLE (SPV/CSO) | P10: MSISDN (YG DIDAFTARKAN MOBO) | Q10: EMAIL | R10: REMARKS | S10: RAYON
A11: =A10=A4 -> TRUE | B11: =B10=B4 -> TRUE | C11: =C10=C4 -> TRUE | D11: =D10=D4 -> TRUE | E11: =E10=E4 -> TRUE | F11: =F10=F4 -> TRUE | G11: =G10=G4 -> TRUE | H11: =H10=H4 -> TRUE | ... S11: =S10=S4 -> TRUE
A13: BRAND (IM3/3ID) | B13: REGION | C13: BRANCH | D13: MICRO CLUSTER | E13: PARTNER TERRITORY | F13: MPX Im3 | G13: MPX 3ID | H13: ID DSE Im3 | I13: ID DSE 3ID | J13: AGENCY NAME | K13: NAMA DSE | L13: ALAMAT | M13: NO KTP | N13: JENIS KELAMIN | O13: ROLE (SPV/CSO) | P13: MSISDN (YG DIDAFTARKAN MOBO) | Q13: EMAIL | R13: REMARKS | S13: Rayon
A14: =A13=A4 -> TRUE | B14: =B13=B4 -> TRUE | C14: =C13=C4 -> TRUE | D14: =D13=D4 -> TRUE | E14: =E13=E4 -> TRUE | F14: =F13=F4 -> TRUE | G14: =G13=G4 -> TRUE | H14: =H13=H4 -> TRUE | ... S14: =S13=S4 -> TRUE
A16: BRAND (IM3/3ID) | B16: REGION | C16: BRANCH | D16: MICRO CLUSTER | E16: PARTNER TERRITORY | F16: MPX Im3 | G16: MPX 3ID | H16: ID DSE Im3 | I16: ID DSE 3ID | J16: AGENCY NAME | K16: NAMA DSE | L16: ALAMAT | M16: NO KTP | N16: JENIS KELAMIN | O16: ROLE (SPV/CSO) | P16: MSISDN (YG DIDAFTARKAN MOBO) | Q16: EMAIL | R16: REMARKS | S16: RAYON
A17: =A16=A4 -> TRUE | B17: =B16=B4 -> TRUE | C17: =C16=C4 -> TRUE | D17: =D16=D4 -> TRUE | E17: =E16=E4 -> TRUE | F17: =F16=F4 -> TRUE | G17: =G16=G4 -> TRUE | H17: =H16=H4 -> TRUE | ... S17: =S16=S4 -> TRUE

Sheet SUMMARY
F1: IM3 | K1: 3ID
C2: BRANCH | D2: #DSE | E2: x | F2: ACTIVE | G2: PENDING ACTIVE | H2: CLOSED | I2: NOT FOUND | J2: x | K2: ACTIVE | L2: PENDING ACTIVE | M2: ACTIVE | RE-PARENTING | N2: NOT FOUND
C3: BEKASI | D3: =SUMIFS(D$13:D$52,$A$13:$A$52,$C3) -> 34 | F3: =SUMIFS(F$13:F$52,$A$13:$A$52,$C3) -> 32 | G3: =SUMIFS(G$13:G$52,$A$13:$A$52,$C3) -> 1 | H3: =SUMIFS(H$13:H$52,$A$13:$A$52,$C3) -> 1 | I3: =SUMIFS(I$13:I$52,$A$13:$A$52,$C3) -> 0 | K3: =SUMIFS(K$13:K$52,$A$13:$A$52,$C3) -> 30 | L3: =SUMIFS(L$13:L$52,$A$13:$A$52,$C3) -> 3 | M3: =SUMIFS(M$13:M$52,$A$13:$A$52,$C3) -> 1 | N3: =SUMIFS(N$13:N$52,$A$13:$A$52,$C3) -> 0
C4: CENTRAL NORTH JAKARTA | D4: =SUMIFS(D$13:D$52,$A$13:$A$52,$C4) -> 37 | F4: =SUMIFS(F$13:F$52,$A$13:$A$52,$C4) -> 37 | G4: =SUMIFS(G$13:G$52,$A$13:$A$52,$C4) -> 0 | H4: =SUMIFS(H$13:H$52,$A$13:$A$52,$C4) -> 0 | I4: =SUMIFS(I$13:I$52,$A$13:$A$52,$C4) -> 0 | K4: =SUMIFS(K$13:K$52,$A$13:$A$52,$C4) -> 25 | L4: =SUMIFS(L$13:L$52,$A$13:$A$52,$C4) -> 5 | M4: =SUMIFS(M$13:M$52,$A$13:$A$52,$C4) -> 1 | N4: =SUMIFS(N$13:N$52,$A$13:$A$52,$C4) -> 6
C5: SOUTH JAKARTA DEPOK | D5: =SUMIFS(D$13:D$52,$A$13:$A$52,$C5) -> 55 | F5: =SUMIFS(F$13:F$52,$A$13:$A$52,$C5) -> 51 | G5: =SUMIFS(G$13:G$52,$A$13:$A$52,$C5) -> 2 | H5: =SUMIFS(H$13:H$52,$A$13:$A$52,$C5) -> 1 | I5: =SUMIFS(I$13:I$52,$A$13:$A$52,$C5) -> 1 | K5: =SUMIFS(K$13:K$52,$A$13:$A$52,$C5) -> 46 | L5: =SUMIFS(L$13:L$52,$A$13:$A$52,$C5) -> 6 | M5: =SUMIFS(M$13:M$52,$A$13:$A$52,$C5) -> 3 | N5: =SUMIFS(N$13:N$52,$A$13:$A$52,$C5) -> 0
C6: EAST JAKARTA | D6: =SUMIFS(D$13:D$52,$A$13:$A$52,$C6) -> 36 | F6: =SUMIFS(F$13:F$52,$A$13:$A$52,$C6) -> 34 | G6: =SUMIFS(G$13:G$52,$A$13:$A$52,$C6) -> 1 | H6: =SUMIFS(H$13:H$52,$A$13:$A$52,$C6) -> 0 | I6: =SUMIFS(I$13:I$52,$A$13:$A$52,$C6) -> 1 | K6: =SUMIFS(K$13:K$52,$A$13:$A$52,$C6) -> 29 | L6: =SUMIFS(L$13:L$52,$A$13:$A$52,$C6) -> 6 | M6: =SUMIFS(M$13:M$52,$A$13:$A$52,$C6) -> 0 | N6: =SUMIFS(N$13:N$52,$A$13:$A$52,$C6) -> 1
C7: KAB BEKASI | D7: =SUMIFS(D$13:D$52,$A$13:$A$52,$C7) -> 41 | F7: =SUMIFS(F$13:F$52,$A$13:$A$52,$C7) -> 39 | G7: =SUMIFS(G$13:G$52,$A$13:$A$52,$C7) -> 0 | H7: =SUMIFS(H$13:H$52,$A$13:$A$52,$C7) -> 2 | I7: =SUMIFS(I$13:I$52,$A$13:$A$52,$C7) -> 0 | K7: =SUMIFS(K$13:K$52,$A$13:$A$52,$C7) -> 36 | L7: =SUMIFS(L$13:L$52,$A$13:$A$52,$C7) -> 5 | M7: =SUMIFS(M$13:M$52,$A$13:$A$52,$C7) -> 0 | N7: =SUMIFS(N$13:N$52,$A$13:$A$52,$C7) -> 0
C8: KARAWANG | D8: =SUMIFS(D$13:D$52,$A$13:$A$52,$C8) -> 44 | F8: =SUMIFS(F$13:F$52,$A$13:$A$52,$C8) -> 43 | G8: =SUMIFS(G$13:G$52,$A$13:$A$52,$C8) -> 1 | H8: =SUMIFS(H$13:H$52,$A$13:$A$52,$C8) -> 0 | I8: =SUMIFS(I$13:I$52,$A$13:$A$52,$C8) -> 0 | K8: =SUMIFS(K$13:K$52,$A$13:$A$52,$C8) -> 38 | L8: =SUMIFS(L$13:L$52,$A$13:$A$52,$C8) -> 4 | M8: =SUMIFS(M$13:M$52,$A$13:$A$52,$C8) -> 1 | N8: =SUMIFS(N$13:N$52,$A$13:$A$52,$C8) -> 1
C9: WEST JAKARTA | D9: =SUMIFS(D$13:D$52,$A$13:$A$52,$C9) -> 25 | F9: =SUMIFS(F$13:F$52,$A$13:$A$52,$C9) -> 25 | G9: =SUMIFS(G$13:G$52,$A$13:$A$52,$C9) -> 0 | H9: =SUMIFS(H$13:H$52,$A$13:$A$52,$C9) -> 0 | I9: =SUMIFS(I$13:I$52,$A$13:$A$52,$C9) -> 0 | K9: =SUMIFS(K$13:K$52,$A$13:$A$52,$C9) -> 19 | L9: =SUMIFS(L$13:L$52,$A$13:$A$52,$C9) -> 6 | M9: =SUMIFS(M$13:M$52,$A$13:$A$52,$C9) -> 0 | N9: =SUMIFS(N$13:N$52,$A$13:$A$52,$C9) -> 0
D10: =SUM(D3:D9) -> 272 | F10: =SUM(F3:F9) -> 261 | G10: =SUM(G3:G9) -> 5 | H10: =SUM(H3:H9) -> 4 | I10: =SUM(I3:I9) -> 2 | K10: =SUM(K3:K9) -> 223 | L10: =SUM(L3:L9) -> 35 | M10: =SUM(M3:M9) -> 6 | N10: =SUM(N3:N9) -> 8
F12: IM3 | K12: 3ID
A13: BRANCH | B13: MICRO CLUSTER | C13: PARTNER TERRITORY | D13: #DSE | E13: x | F13: ACTIVE | G13: PENDING ACTIVE | H13: CLOSED | I13: NOT FOUND | J13: x | K13: ACTIVE | L13: PENDING ACTIVE | M13: ACTIVE | RE-PARENTING | N13: NOT FOUND
A14: BEKASI | B14: MC-BEKASI TENGAH | C14: PT-BEKASI TENGAH | D14: =COUNTIFS('MASTER DSE OCT Inn'!E:E,SUMMARY!C14) -> 10 | F14: =COUNTIFS('MASTER DSE OCT Inn'!$Z:$Z,F$13,'MASTER DSE OCT Inn'!$E:$E,SUMMARY!$C14) -> 9 | G14: =COUNTIFS('MASTER DSE OCT Inn'!$Z:$Z,G$13,'MASTER DSE OCT Inn'!$E:$E,SUMMARY!$C14) -> 1 | H14: =COUNTIFS('MASTER DSE OCT Inn'!$Z:$Z,H$13,'MASTER DSE OCT Inn'!$E:$E,SUMMARY!$C14) -> 0 | I14: =COUNTIFS('MASTER DSE OCT Inn'!$Z:$Z,I$13,'MASTER DSE OCT Inn'!$E:$E,SUMMARY!$C14) -> 0 | K14: =COUNTIFS('MASTER DSE OCT Inn'!$AA:$AA,K$13,'MASTER DSE OCT Inn'!$E:$E,SUMMARY!$C14) -> 8 | L14: =COUNTIFS('MASTER DSE OCT Inn'!$AA:$AA,L$13,'MASTER DSE OCT Inn'!$E:$E,SUMMARY!$C14) -> 1 | M14: =COUNTIFS('MASTER DSE OCT Inn'!$AA:$AA,M$13,'MASTER DSE OCT Inn'!$E:$E,SUMMARY!$C14) -> 1 | N14: =COUNTIFS('MASTER DSE OCT Inn'!$AA:$AA,N$13,'MASTER DSE OCT Inn'!$E:$E,SUMMARY!$C14) -> 0
A15: BEKASI | B15: MC-BEKASI UTARA | C15: PT-BEKASI UTARA | D15: =COUNTIFS('MASTER DSE OCT Inn'!E:E,SUMMARY!C15) -> 6 | F15: =COUNTIFS('MASTER DSE OCT Inn'!$Z:$Z,F$13,'MASTER DSE OCT Inn'!$E:$E,SUMMARY!$C15) -> 6 | G15: =COUNTIFS('MASTER DSE OCT Inn'!$Z:$Z,G$13,'MASTER DSE OCT Inn'!$E:$E,SUMMARY!$C15) -> 0 | H15: =COUNTIFS('MASTER DSE OCT Inn'!$Z:$Z,H$13,'MASTER DSE OCT Inn'!$E:$E,SUMMARY!$C15) -> 0 | I15: =COUNTIFS('MASTER DSE OCT Inn'!$Z:$Z,I$13,'MASTER DSE OCT Inn'!$E:$E,SUMMARY!$C15) -> 0 | K15: =COUNTIFS('MASTER DSE OCT Inn'!$AA:$AA,K$13,'MASTER DSE OCT Inn'!$E:$E,SUMMARY!$C15) -> 6 | L15: =COUNTIFS('MASTER DSE OCT Inn'!$AA:$AA,L$13,'MASTER DSE OCT Inn'!$E:$E,SUMMARY!$C15) -> 0 | M15: =COUNTIFS('MASTER DSE OCT Inn'!$AA:$AA,M$13,'MASTER DSE OCT Inn'!$E:$E,SUMMARY!$C15) -> 0 | N15: =COUNTIFS('MASTER DSE OCT Inn'!$AA:$AA,N$13,'MASTER DSE OCT Inn'!$E:$E,SUMMARY!$C15) -> 0
A16: BEKASI | B16: MC-MUSTIKA JAYA | C16: PT-MUSTIKA JAYA | D16: =COUNTIFS('MASTER DSE OCT Inn'!E:E,SUMMARY!C16) -> 8 | F16: =COUNTIFS('MASTER DSE OCT Inn'!$Z:$Z,F$13,'MASTER DSE OCT Inn'!$E:$E,SUMMARY!$C16) -> 7 | G16: =COUNTIFS('MASTER DSE OCT Inn'!$Z:$Z,G$13,'MASTER DSE OCT Inn'!$E:$E,SUMMARY!$C16) -> 0 | H16: =COUNTIFS('MASTER DSE OCT Inn'!$Z:$Z,H$13,'MASTER DSE OCT Inn'!$E:$E,SUMMARY!$C16) -> 1 | I16: =COUNTIFS('MASTER DSE OCT Inn'!$Z:$Z,I$13,'MASTER DSE OCT Inn'!$E:$E,SUMMARY!$C16) -> 0 | K16: =COUNTIFS('MASTER DSE OCT Inn'!$AA:$AA,K$13,'MASTER DSE OCT Inn'!$E:$E,SUMMARY!$C16) -> 6 | L16: =COUNTIFS('MASTER DSE OCT Inn'!$AA:$AA,L$13,'MASTER DSE OCT Inn'!$E:$E,SUMMARY!$C16) -> 2 | M16: =COUNTIFS('MASTER DSE OCT Inn'!$AA:$AA,M$13,'MASTER DSE OCT Inn'!$E:$E,SUMMARY!$C16) -> 0 | N16: =COUNTIFS('MASTER DSE OCT Inn'!$AA:$AA,N$13,'MASTER DSE OCT Inn'!$E:$E,SUMMARY!$C16) -> 0
A17: BEKASI | B17: MC-PONDOK GEDE | C17: PT-PONDOK GEDE | D17: =COUNTIFS('MASTER DSE OCT Inn'!E:E,SUMMARY!C17) -> 10 | F17: =COUNTIFS('MASTER DSE OCT Inn'!$Z:$Z,F$13,'MASTER DSE OCT Inn'!$E:$E,SUMMARY!$C17) -> 10 | G17: =COUNTIFS('MASTER DSE OCT Inn'!$Z:$Z,G$13,'MASTER DSE OCT Inn'!$E:$E,SUMMARY!$C17) -> 0 | H17: =COUNTIFS('MASTER DSE OCT Inn'!$Z:$Z,H$13,'MASTER DSE OCT Inn'!$E:$E,SUMMARY!$C17) -> 0 | I17: =COUNTIFS('MASTER DSE OCT Inn'!$Z:$Z,I$13,'MASTER DSE OCT Inn'!$E:$E,SUMMARY!$C17) -> 0 | K17: =COUNTIFS('MASTER DSE OCT Inn'!$AA:$AA,K$13,'MASTER DSE OCT Inn'!$E:$E,SUMMARY!$C17) -> 10 | L17: =COUNTIFS('MASTER DSE OCT Inn'!$AA:$AA,L$13,'MASTER DSE OCT Inn'!$E:$E,SUMMARY!$C17) -> 0 | M17: =COUNTIFS('MASTER DSE OCT Inn'!$AA:$AA,M$13,'MASTER DSE OCT Inn'!$E:$E,SUMMARY!$C17) -> 0 | N17: =COUNTIFS('MASTER DSE OCT Inn'!$AA:$AA,N$13,'MASTER DSE OCT Inn'!$E:$E,SUMMARY!$C17) -> 0
A18: CENTRAL NORTH JAKARTA | B18: MC-CEMPAKA PUTIH | C18: PT-CEMPAKA PUTIH | D18: =COUNTIFS('MASTER DSE OCT Inn'!E:E,SUMMARY!C18) -> 9 | F18: =COUNTIFS('MASTER DSE OCT Inn'!$Z:$Z,F$13,'MASTER DSE OCT Inn'!$E:$E,SUMMARY!$C18) -> 9 | G18: =COUNTIFS('MASTER DSE OCT Inn'!$Z:$Z,G$13,'MASTER DSE OCT Inn'!$E:$E,SUMMARY!$C18) -> 0 | H18: =COUNTIFS('MASTER DSE OCT Inn'!$Z:$Z,H$13,'MASTER DSE OCT Inn'!$E:$E,SUMMARY!$C18) -> 0 | I18: =COUNTIFS('MASTER DSE OCT Inn'!$Z:$Z,I$13,'MASTER DSE OCT Inn'!$E:$E,SUMMARY!$C18) -> 0 | K18: =COUNTIFS('MASTER DSE OCT Inn'!$AA:$AA,K$13,'MASTER DSE OCT Inn'!$E:$E,SUMMARY!$C18) -> 8 | L18: =COUNTIFS('MASTER DSE OCT Inn'!$AA:$AA,L$13,'MASTER DSE OCT Inn'!$E:$E,SUMMARY!$C18) -> 0 | M18: =COUNTIFS('MASTER DSE OCT Inn'!$AA:$AA,M$13,'MASTER DSE OCT Inn'!$E:$E,SUMMARY!$C18) -> 1 | N18: =COUNTIFS('MASTER DSE OCT Inn'!$AA:$AA,N$13,'MASTER DSE OCT Inn'!$E:$E,SUMMARY!$C18) -> 0
A19: CENTRAL NORTH JAKARTA | B19: MC-KELAPA GADING | C19: PT-KELAPA GADING | D19: =COUNTIFS('MASTER DSE OCT Inn'!E:E,SUMMARY!C19) -> 7 | F19: =COUNTIFS('MASTER DSE OCT Inn'!$Z:$Z,F$13,'MASTER DSE OCT Inn'!$E:$E,SUMMARY!$C19) -> 7 | G19: =COUNTIFS('MASTER DSE OCT Inn'!$Z:$Z,G$13,'MASTER DSE OCT Inn'!$E:$E,SUMMARY!$C19) -> 0 | H19: =COUNTIFS('MASTER DSE OCT Inn'!$Z:$Z,H$13,'MASTER DSE OCT Inn'!$E:$E,SUMMARY!$C19) -> 0 | I19: =COUNTIFS('MASTER DSE OCT Inn'!$Z:$Z,I$13,'MASTER DSE OCT Inn'!$E:$E,SUMMARY!$C19) -> 0 | K19: =COUNTIFS('MASTER DSE OCT Inn'!$AA:$AA,K$13,'MASTER DSE OCT Inn'!$E:$E,SUMMARY!$C19) -> 7 | L19: =COUNTIFS('MASTER DSE OCT Inn'!$AA:$AA,L$13,'MASTER DSE OCT Inn'!$E:$E,SUMMARY!$C19) -> 0 | M19: =COUNTIFS('MASTER DSE OCT Inn'!$AA:$AA,M$13,'MASTER DSE OCT Inn'!$E:$E,SUMMARY!$C19) -> 0 | N19: =COUNTIFS('MASTER DSE OCT Inn'!$AA:$AA,N$13,'MASTER DSE OCT Inn'!$E:$E,SUMMARY!$C19) -> 0
A20: CENTRAL NORTH JAKARTA | B20: MC-PADEMANGAN | C20: PT-PADEMANGAN | D20: =COUNTIFS('MASTER DSE OCT Inn'!E:E,SUMMARY!C20) -> 8 | F20: =COUNTIFS('MASTER DSE OCT Inn'!$Z:$Z,F$13,'MASTER DSE OCT Inn'!$E:$E,SUMMARY!$C20) -> 8 | G20: =COUNTIFS('MASTER DSE OCT Inn'!$Z:$Z,G$13,'MASTER DSE OCT Inn'!$E:$E,SUMMARY!$C20) -> 0 | H20: =COUNTIFS('MASTER DSE OCT Inn'!$Z:$Z,H$13,'MASTER DSE OCT Inn'!$E:$E,SUMMARY!$C20) -> 0 | I20: =COUNTIFS('MASTER DSE OCT Inn'!$Z:$Z,I$13,'MASTER DSE OCT Inn'!$E:$E,SUMMARY!$C20) -> 0 | K20: =COUNTIFS('MASTER DSE OCT Inn'!$AA:$AA,K$13,'MASTER DSE OCT Inn'!$E:$E,SUMMARY!$C20) -> 1 | L20: =COUNTIFS('MASTER DSE OCT Inn'!$AA:$AA,L$13,'MASTER DSE OCT Inn'!$E:$E,SUMMARY!$C20) -> 2 | M20: =COUNTIFS('MASTER DSE OCT Inn'!$AA:$AA,M$13,'MASTER DSE OCT Inn'!$E:$E,SUMMARY!$C20) -> 0 | N20: =COUNTIFS('MASTER DSE OCT Inn'!$AA:$AA,N$13,'MASTER DSE OCT Inn'!$E:$E,SUMMARY!$C20) -> 5
A21: CENTRAL NORTH JAKARTA | B21: MC-TANAH ABANG | C21: PT-TANAH ABANG | D21: =COUNTIFS('MASTER DSE OCT Inn'!E:E,SUMMARY!C21) -> 5 | F21: =COUNTIFS('MASTER DSE OCT Inn'!$Z:$Z,F$13,'MASTER DSE OCT Inn'!$E:$E,SUMMARY!$C21) -> 5 | G21: =COUNTIFS('MASTER DSE OCT Inn'!$Z:$Z,G$13,'MASTER DSE OCT Inn'!$E:$E,SUMMARY!$C21) -> 0 | H21: =COUNTIFS('MASTER DSE OCT Inn'!$Z:$Z,H$13,'MASTER DSE OCT Inn'!$E:$E,SUMMARY!$C21) -> 0 | I21: =COUNTIFS('MASTER DSE OCT Inn'!$Z:$Z,I$13,'MASTER DSE OCT Inn'!$E:$E,SUMMARY!$C21) -> 0 | K21: =COUNTIFS('MASTER DSE OCT Inn'!$AA:$AA,K$13,'MASTER DSE OCT Inn'!$E:$E,SUMMARY!$C21) -> 5 | L21: =COUNTIFS('MASTER DSE OCT Inn'!$AA:$AA,L$13,'MASTER DSE OCT Inn'!$E:$E,SUMMARY!$C21) -> 0 | M21: =COUNTIFS('MASTER DSE OCT Inn'!$AA:$AA,M$13,'MASTER DSE OCT Inn'!$E:$E,SUMMARY!$C21) -> 0 | N21: =COUNTIFS('MASTER DSE OCT Inn'!$AA:$AA,N$13,'MASTER DSE OCT Inn'!$E:$E,SUMMARY!$C21) -> 0
A22: CENTRAL NORTH JAKARTA | B22: MC-TANJUNG PRIOK | C22: PT-TANJUNG PRIOK | D22: =COUNTIFS('MASTER DSE OCT Inn'!E:E,SUMMARY!C22) -> 8 | F22: =COUNTIFS('MASTER DSE OCT Inn'!$Z:$Z,F$13,'MASTER DSE OCT Inn'!$E:$E,SUMMARY!$C22) -> 8 | G22: =COUNTIFS('MASTER DSE OCT Inn'!$Z:$Z,G$13,'MASTER DSE OCT Inn'!$E:$E,SUMMARY!$C22) -> 0 | H22: =COUNTIFS('MASTER DSE OCT Inn'!$Z:$Z,H$13,'MASTER DSE OCT Inn'!$E:$E,SUMMARY!$C22) -> 0 | I22: =COUNTIFS('MASTER DSE OCT Inn'!$Z:$Z,I$13,'MASTER DSE OCT Inn'!$E:$E,SUMMARY!$C22) -> 0 | K22: =COUNTIFS('MASTER DSE OCT Inn'!$AA:$AA,K$13,'MASTER DSE OCT Inn'!$E:$E,SUMMARY!$C22) -> 4 | L22: =COUNTIFS('MASTER DSE OCT Inn'!$AA:$AA,L$13,'MASTER DSE OCT Inn'!$E:$E,SUMMARY!$C22) -> 3 | M22: =COUNTIFS('MASTER DSE OCT Inn'!$AA:$AA,M$13,'MASTER DSE OCT Inn'!$E:$E,SUMMARY!$C22) -> 0 | N22: =COUNTIFS('MASTER DSE OCT Inn'!$AA:$AA,N$13,'MASTER DSE OCT Inn'!$E:$E,SUMMARY!$C22) -> 1
A23: SOUTH JAKARTA DEPOK | B23: MC-BEJI | C23: PT-BEJI | D23: =COUNTIFS('MASTER DSE OCT Inn'!E:E,SUMMARY!C23) -> 6 | F23: =COUNTIFS('MASTER DSE OCT Inn'!$Z:$Z,F$13,'MASTER DSE OCT Inn'!$E:$E,SUMMARY!$C23) -> 5 | G23: =COUNTIFS('MASTER DSE OCT Inn'!$Z:$Z,G$13,'MASTER DSE OCT Inn'!$E:$E,SUMMARY!$C23) -> 0 | H23: =COUNTIFS('MASTER DSE OCT Inn'!$Z:$Z,H$13,'MASTER DSE OCT Inn'!$E:$E,SUMMARY!$C23) -> 0 | I23: =COUNTIFS('MASTER DSE OCT Inn'!$Z:$Z,I$13,'MASTER DSE OCT Inn'!$E:$E,SUMMARY!$C23) -> 1 | K23: =COUNTIFS('MASTER DSE OCT Inn'!$AA:$AA,K$13,'MASTER DSE OCT Inn'!$E:$E,SUMMARY!$C23) -> 3 | L23: =COUNTIFS('MASTER DSE OCT Inn'!$AA:$AA,L$13,'MASTER DSE OCT Inn'!$E:$E,SUMMARY!$C23) -> 0 | M23: =COUNTIFS('MASTER DSE OCT Inn'!$AA:$AA,M$13,'MASTER DSE OCT Inn'!$E:$E,SUMMARY!$C23) -> 3 | N23: =COUNTIFS('MASTER DSE OCT Inn'!$AA:$AA,N$13,'MASTER DSE OCT Inn'!$E:$E,SUMMARY!$C23) -> 0
A24: SOUTH JAKARTA DEPOK | B24: MC-CIMANGGIS | C24: PT-CIMANGGIS | D24: =COUNTIFS('MASTER DSE OCT Inn'!E:E,SUMMARY!C24) -> 6 | F24: =COUNTIFS('MASTER DSE OCT Inn'!$Z:$Z,F$13,'MASTER DSE OCT Inn'!$E:$E,SUMMARY!$C24) -> 5 | G24: =COUNTIFS('MASTER DSE OCT Inn'!$Z:$Z,G$13,'MASTER DSE OCT Inn'!$E:$E,SUMMARY!$C24) -> 1 | H24: =COUNTIFS('MASTER DSE OCT Inn'!$Z:$Z,H$13,'MASTER DSE OCT Inn'!$E:$E,SUMMARY!$C24) -> 0 | I24: =COUNTIFS('MASTER DSE OCT Inn'!$Z:$Z,I$13,'MASTER DSE OCT Inn'!$E:$E,SUMMARY!$C24) -> 0 | K24: =COUNTIFS('MASTER DSE OCT Inn'!$AA:$AA,K$13,'MASTER DSE OCT Inn'!$E:$E,SUMMARY!$C24) -> 6 | L24: =COUNTIFS('MASTER DSE OCT Inn'!$AA:$AA,L$13,'MASTER DSE OCT Inn'!$E:$E,SUMMARY!$C24) -> 0 | M24: =COUNTIFS('MASTER DSE OCT Inn'!$AA:$AA,M$13,'MASTER DSE OCT Inn'!$E:$E,SUMMARY!$C24) -> 0 | N24: =COUNTIFS('MASTER DSE OCT Inn'!$AA:$AA,N$13,'MASTER DSE OCT Inn'!$E:$E,SUMMARY!$C24) -> 0
A25: SOUTH JAKARTA DEPOK | B25: MC-CIPAYUNG | C25: PT-CIPAYUNG | D25: =COUNTIFS('MASTER DSE OCT Inn'!E:E,SUMMARY!C25) -> 8 | F25: =COUNTIFS('MASTER DSE OCT Inn'!$Z:$Z,F$13,'MASTER DSE OCT Inn'!$E:$E,SUMMARY!$C25) -> 8 | G25: =COUNTIFS('MASTER DSE OCT Inn'!$Z:$Z,G$13,'MASTER DSE OCT Inn'!$E:$E,SUMMARY!$C25) -> 0 | H25: =COUNTIFS('MASTER DSE OCT Inn'!$Z:$Z,H$13,'MASTER DSE OCT Inn'!$E:$E,SUMMARY!$C25) -> 0 | I25: =COUNTIFS('MASTER DSE OCT Inn'!$Z:$Z,I$13,'MASTER DSE OCT Inn'!$E:$E,SUMMARY!$C25) -> 0 | K25: =COUNTIFS('MASTER DSE OCT Inn'!$AA:$AA,K$13,'MASTER DSE OCT Inn'!$E:$E,SUMMARY!$C25) -> 8 | L25: =COUNTIFS('MASTER DSE OCT Inn'!$AA:$AA,L$13,'MASTER DSE OCT Inn'!$E:$E,SUMMARY!$C25) -> 0 | M25: =COUNTIFS('MASTER DSE OCT Inn'!$AA:$AA,M$13,'MASTER DSE OCT Inn'!$E:$E,SUMMARY!$C25) -> 0 | N25: =COUNTIFS('MASTER DSE OCT Inn'!$AA:$AA,N$13,'MASTER DSE OCT Inn'!$E:$E,SUMMARY!$C25) -> 0
... A52: WEST JAKARTA | B52: MC-KEMBANGAN | C52: PT-KEMBANGAN | D52: =COUNTIFS('MASTER DSE OCT Inn'!E:E,SUMMARY!C52) -> 7 | F52: =COUNTIFS('MASTER DSE OCT Inn'!$Z:$Z,F$13,'MASTER DSE OCT Inn'!$E:$E,SUMMARY!$C52) -> 7 | G52: =COUNTIFS('MASTER DSE OCT Inn'!$Z:$Z,G$13,'MASTER DSE OCT Inn'!$E:$E,SUMMARY!$C52) -> 0 | H52: =COUNTIFS('MASTER DSE OCT Inn'!$Z:$Z,H$13,'MASTER DSE OCT Inn'!$E:$E,SUMMARY!$C52) -> 0 | I52: =COUNTIFS('MASTER DSE OCT Inn'!$Z:$Z,I$13,'MASTER DSE OCT Inn'!$E:$E,SUMMARY!$C52) -> 0 | K52: =COUNTIFS('MASTER DSE OCT Inn'!$AA:$AA,K$13,'MASTER DSE OCT Inn'!$E:$E,SUMMARY!$C52) -> 7 | L52: =COUNTIFS('MASTER DSE OCT Inn'!$AA:$AA,L$13,'MASTER DSE OCT Inn'!$E:$E,SUMMARY!$C52) -> 0 | M52: =COUNTIFS('MASTER DSE OCT Inn'!$AA:$AA,M$13,'MASTER DSE OCT Inn'!$E:$E,SUMMARY!$C52) -> 0 | N52: =COUNTIFS('MASTER DSE OCT Inn'!$AA:$AA,N$13,'MASTER DSE OCT Inn'!$E:$E,SUMMARY!$C52) -> 0

Sheet MASTER DSE BSM HOA
A4: REGION | B4: BRANCH/AREA | C4: NAMA HOA | D4: MICRO CLUSTER | E4: NAMA DSO | F4: NAMA DSE | G4: ID Telegram | H4: ALAMAT | I4: NO KTP | J4: JENIS KELAMIN | K4: ROLE (SPV/CSO) | L4: MSISDN (YG DIDAFTARKAN MOBO) | M4: EMAIL | N4: REMARKS | O4: RAYON | P4: DSE ID IM3 | Q4: DSE ID 3ID | R4: PT_DSEIDIM3 | S4: PT_DSE3ID | T4: ID Telegram
A5: INNER JAKARTA | B5: BEKASI | C5: Ali Sabana | D5: MC-BEKASI TENGAH | E5: ADITYA HASANUDDIN | F5: DODI SETIONO | H5: perumahan puri lestari gang seroja 11 blok f32/07 sukajaya | I5: 3275050312790011 | J5: PRIA | L5: 628567620678 | O5: BKS_BU_13 | P5: CSOBKST-01 | Q5: CSOBKST-013ID | R5: PT-BEKASI TENGAHCSOBKST-01 | S5: PT-BEKASI TENGAHCSOBKST-013ID | T5: 6613490972
A6: INNER JAKARTA | B6: BEKASI | C6: Ali Sabana | D6: MC-BEKASI TENGAH | E6: ADITYA HASANUDDIN | F6: RESTU SAMBUDI | H6: jalan ujunga harapan gg sejahtera rt002/017 kel bahagia kec babelan depan gg sejahtera 2 | I6: 3216020401940014 | J6: PRIA | L6: 6280086422485 | O6: BKS_BU_17 | P6: CSOBKST-02 | Q6: CSOBKST-023ID | R6: PT-BEKASI TENGAHCSOBKST-02 | S6: PT-BEKASI TENGAHCSOBKST-023ID | T6: 1986015049
A7: INNER JAKARTA | B7: BEKASI | C7: Ali Sabana | D7: MC-BEKASI TENGAH | E7: ADITYA HASANUDDIN | F7: TRI ADI PRASETYO | H7: Jl. Cempaka 9 Bs.11 No. 16 Rt.007/013 Jatisampurna Bekasi | I7: 3275100503920011 | J7: PRIA | K7: CSO | L7: 6280086422482 | M7: adhyprasetyo0031@gmail.com | O7: BKS_BU_21 | P7: CSOBKST-08 | Q7: CSOBKST-083ID | R7: PT-BEKASI TENGAHCSOBKST-08 | S7: PT-BEKASI TENGAHCSOBKST-083ID | T7: 8548433055
A8: INNER JAKARTA | B8: BEKASI | C8: Ali Sabana | D8: MC-BEKASI TENGAH | E8: ADITYA HASANUDDIN | F8: ACHMAD RIZKI FAUZI | G8: 8859636861 | H8: 0 | I8: 3275030101890050 | J8: PRIA | K8: CSO | L8: 6289602778059 | O8: BKS_BU_15 | P8: DSEIN003 | Q8: 1-28825212068 | R8: PT-BEKASI TENGAHDSEIN003 | S8: PT-BEKASI TENGAH1-28825212068 | T8: 8859636861
A9: INNER JAKARTA | B9: BEKASI | C9: Ali Sabana | D9: MC-BEKASI TENGAH | E9: ADITYA HASANUDDIN | F9: AKMAL MAULANA | G9: 6436712136 | H9: kp.pulo timaha rt 011/007 desa Babelan Kota kabupaten Bekasi | I9: 3216021507950014 | J9: PRIA | L9: 6289602778055 | O9: BKS_BU_14 | P9: DSEIN006 | Q9: 1-28825212060 | R9: PT-BEKASI TENGAHDSEIN006 | S9: PT-BEKASI TENGAH1-28825212060 | T9: 6436712136
A10: INNER JAKARTA | B10: BEKASI | C10: Ali Sabana | D10: MC-BEKASI TENGAH | E10: ADITYA HASANUDDIN | F10: AHMAD FIRDAUS | G10: 5102856680 | H10: Taman Cikunir indah blok D no 6 RT 10 RW 11 Bekasi Selatan | I10: 3275042905890016 | J10: PRIA | K10: CSO | L10: 628985561822 | M10: ahmadfirdaus299@gmail.com | O10: BKS_BS_1 | P10: DSEIN007 | Q10: 1-135606436407 | R10: PT-BEKASI TENGAHDSEIN007 | S10: PT-BEKASI TENGAH1-135606436407 | T10: 5102856680
A11: INNER JAKARTA | B11: BEKASI | C11: Ali Sabana | D11: MC-BEKASI TENGAH | E11: ADITYA HASANUDDIN | F11: INDRA PURWANTO | G11: 8082066485 | H11: jl.musholla daarul ibtida no.109 rt01 rw 01 kel.bantar gebang kec.bantar gebang kota bekasi | I11: 3175071003880020 | J11: PRIA | L11: 6289602778072 | O11: BKS_BS_3 | P11: DSEIN019 | Q11: 1-28825212086 | R11: PT-BEKASI TENGAHDSEIN019 | S11: PT-BEKASI TENGAH1-28825212086 | T11: 8082066485
A12: INNER JAKARTA | B12: BEKASI | C12: Ali Sabana | D12: MC-BEKASI TENGAH | E12: ADITYA HASANUDDIN | F12: IRAMA HAREFA | G12: 876793650 | H12: KP Irian No 23 Kecamatan Bekasi Utara | I12: 3275032801030018 | J12: PRIA | K12: CSO | L12: 628985560095 | M12: aldiansa2801@gmail.com | O12: BKS_BU_16 | P12: DSEIN020 | Q12: 1-136179672105 | R12: PT-BEKASI TENGAHDSEIN020 | S12: PT-BEKASI TENGAH1-136179672105 | T12: 876793650
A13: INNER JAKARTA | B13: BEKASI | C13: Ali Sabana | D13: MC-BEKASI TENGAH | E13: ADITYA HASANUDDIN | F13: MUHAMMAD ALDIANSA PANGESTU | G13: 1420948858 | H13: Jl. Letnan Arsyad 2 No. 81 RT/RW 006/012 Kel. Kayuringin Jaya - Bekasi Selatan | I13: 1204041805940004 | J13: PRIA | K13: CSO | L13: 628985561832 | M13: iharefa94@gmail.com | O13: BKS_BS_9 | P13: DSEIN027 | Q13: 1-135596391663 | R13: PT-BEKASI TENGAHDSEIN027 | S13: PT-BEKASI TENGAH1-135596391663 | T13: 1420948858
A14: INNER JAKARTA | B14: BEKASI | C14: Ali Sabana | D14: MC-BEKASI TENGAH | E14: ADITYA HASANUDDIN | F14: SYAIFUL JAMAL | H14: perum SATRIA INDAH RESIDENT 2 BLOK I NO 35 KELURAHAN SETIA MEKAR TAMBUN UTARA KAB.BEKASI. | I14: 3327111612890004 | J14: PRIA | K14: CSO | L14: 6289607902966 | O14: BKS_BS_2 | P14: DSEIN038 | Q14: 1-170588695616 | R14: PT-BEKASI TENGAHDSEIN038 | S14: PT-BEKASI TENGAH1-170588695616
A15: INNER JAKARTA | B15: BEKASI | C15: Ali Sabana | D15: MC-BEKASI UTARA | E15: RAHAYU UTAMININGSIH | F15: AAN KOSSUNJAMINARA | H15: Kp Rawa Bambu Rt 003/16 Kel Harapan Jaya Kec Bekasi Utara No.0 Rtrw.0 Kel.- Kec.- | I15: 3275032209740019 | J15: PRIA | K15: CSO | L15: 6280086422487 | M15: ankoss2209@gmail.com | O15: BKS_BU_18 | P15: CSOBKST-06 | Q15: CSOBKST-063ID | R15: PT-BEKASI UTARACSOBKST-06 | S15: PT-BEKASI UTARACSOBKST-063ID | T15: 8855252608
A16: INNER JAKARTA | B16: BEKASI | C16: Ali Sabana | D16: MC-BEKASI UTARA | E16: RAHAYU UTAMININGSIH | F16: MOHAMMAD SLAMET | H16: Desa Karanganyar Rt. 001/005 Kel Karanganyar Kec Pagerbarang No.0 Rtrw.0 Kel.- Kec.- | I16: 3328051710820006 | J16: PRIA | K16: CSO | L16: 6280086422488 | M16: slametmuhamad927@gmail.com | O16: BKS_BU_23 | P16: CSOBKST-09 | Q16: CSOBKST-093ID | R16: PT-BEKASI UTARACSOBKST-09 | S16: PT-BEKASI UTARACSOBKST-093ID | T16: 8627734137
A17: INNER JAKARTA | B17: BEKASI | C17: Ali Sabana | D17: MC-BEKASI UTARA | E17: RAHAYU UTAMININGSIH | F17: MUHAMMAD DEDI SAPUTRA | H17: Rawa Silam 1 Rt. 008/006 Kel. Kaliabang Tengah Kec Bekasi Utara No.0 Rtrw.0 Kel.- Kec.- | I17: 3275032505940032 | J17: PRIA | K17: CSO | L17: 6280086422483 | M17: dedysahputra45@gmail.com | O17: BKS_BU_24 | P17: CSOBKST-10 | Q17: CSOBKST-103ID | R17: PT-BEKASI UTARACSOBKST-10 | S17: PT-BEKASI UTARACSOBKST-103ID | T17: 6414405497
A18: INNER JAKARTA | B18: BEKASI | C18: Ali Sabana | D18: MC-BEKASI UTARA | E18: RAHAYU UTAMININGSIH | F18: PARMAN | G18: 6522187953 | H18: jl kh muchtar thabrani rt04/02 no61 margamulya bekasi utara | I18: 3215061012880005 | J18: PRIA | L18: 6289602778054 | O18: BKS_BU_22 | P18: DSEIN030 | Q18: 1-28825212058 | R18: PT-BEKASI UTARADSEIN030 | S18: PT-BEKASI UTARA1-28825212058 | T18: 6522187953
A19: INNER JAKARTA | B19: BEKASI | C19: Ali Sabana | D19: MC-BEKASI UTARA | E19: RAHAYU UTAMININGSIH | F19: YOSEP MARTIN | G19: 8627850949 | H19: villa gading harapan3 jl.elang1 blok E1 no.03 | I19: 3518081405940002 | J19: PRIA | L19: 6289602778053 | O19: BKS_BU_19 | P19: DSEIN040 | Q19: 1-28825212056 | R19: PT-BEKASI UTARADSEIN040 | S19: PT-BEKASI UTARA1-28825212056 | T19: 8627850949
A20: INNER JAKARTA | B20: BEKASI | C20: Ali Sabana | D20: MC-BEKASI UTARA | E20: RAHAYU UTAMININGSIH | F20: MUHAMMAD IQBAL | G20: 1693640001 | H20: kp rawa kalong rt 004 rw 003 tambun utara | I20: 3275020503900012 | J20: PRIA | K20: CSO | L20: 0 | O20: BKS_BU_20 | P20: DSEIN041 | Q20: 1-135596392079 | R20: PT-BEKASI UTARADSEIN041 | S20: PT-BEKASI UTARA1-135596392079 | T20: 1693640001
A21: INNER JAKARTA | B21: BEKASI | C21: Ali Sabana | D21: MC-MUSTIKA JAYA | E21: MUHAMAD RIFALDI | F21: ALFIAN FARDIANSYAH | G21: 6484161430 | H21: kp.cikunir rt 005/ rw 001 jakamulya Bekasi Selatan | I21: 3201131912890003 | J21: PRIA | K21: CSO | L21: 62857177749007 | M21: alfian.fardiansyah89@gmail.com | O21: BKS_BS_10 | P21: CSOBKSB-02 | Q21: CSOBKSB-023ID | R21: PT-MUSTIKA JAYACSOBKSB-02 | S21: PT-MUSTIKA JAYACSOBKSB-023ID | T21: 6484161430
A22: INNER JAKARTA | B22: BEKASI | C22: Ali Sabana | D22: MC-MUSTIKA JAYA | E22: MUHAMAD RIFALDI | F22: MUKTIARTO | H22: jl setia 4 no 43 RT 006/012 Jatiwaringin pondok gede | I22: 3275081602940025 | J22: PRIA | L22: 6280086422484 | O22: BKS_BS_12 | P22: CSOBKSS-04 | Q22: CSOBKSS-043ID | R22: PT-MUSTIKA JAYACSOBKSS-04 | S22: PT-MUSTIKA JAYACSOBKSS-043ID | T22: 6130103877
A23: INNER JAKARTA | B23: BEKASI | C23: Ali Sabana | D23: MC-MUSTIKA JAYA | E23: MUHAMAD RIFALDI | F23: TOFIK HIDAYAT | G23: 6867103460 | H23: Jl Sejahtera Rt 004 Rw 003 Kel Jatiwaringin Kec Pondokgede No.0 Rtrw.0 Kel.- Kec.- | I23: 3275082608810007 | J23: PRIA | K23: CSO | L23: 62857111777787 | M23: topiko78@gmail.com | O23: BKS_BS_11 | P23: CSOBKSS-05 | Q23: CSOBKSS-053ID | R23: PT-MUSTIKA JAYACSOBKSS-05 | S23: PT-MUSTIKA JAYACSOBKSS-053ID | T23: 6867103460
A24: INNER JAKARTA | B24: BEKASI | C24: Ali Sabana | D24: MC-MUSTIKA JAYA | E24: MUHAMAD RIFALDI | F24: TOMMY SAIFUL ATNAN | H24: Kel Makasar No 7 Rt 006 Rw 002 Kel Makasar Kec Makasar No.0 Rtrw.0 Kel.- Kec.- | I24: 3175081507900004 | J24: PRIA | K24: CSO | L24: 62857111166697 | M24: tommy.gembul16@gmail.com | O24: BKS_BS_5 | P24: CSOBKSS-12 | Q24: CSOBKSS-123ID | R24: PT-MUSTIKA JAYACSOBKSS-12 | S24: PT-MUSTIKA JAYACSOBKSS-123ID | T24: 8863650921
A25: INNER JAKARTA | B25: BEKASI | C25: Ali Sabana | D25: MC-MUSTIKA JAYA | E25: MUHAMAD RIFALDI | F25: SYAIPUL BAHRI | H25: Kp. Kebantenan Rt. 002/012 Kel Jatiasih Kec Jatiasih No.0 Rtrw.0 Kel.- Kec.- | I25: 3275091111900034 | J25: PRIA | K25: CSO | L25: 6285770070006 | M25: syaipulabian163@gmail.com | O25: BKS_BS_8 | P25: CSOBKST-11 | Q25: CSOBKST-113ID | R25: PT-MUSTIKA JAYACSOBKST-11 | S25: PT-MUSTIKA JAYACSOBKST-113ID | T25: 7552356704
A26: INNER JAKARTA | B26: BEKASI | C26: Ali Sabana | D26: MC-MUSTIKA JAYA | E26: MUHAMAD RIFALDI | F26: ACHMAD ABDULAH | G26: 8976538478 | H26: kp Cakung RT 02 RW 012 Kelurahan jatimekar kecamatan Jatiasih kota bekasi | I26: 3275092707870010 | J26: PRIA | L26: 6289602778073 | O26: BKS_BS_6 | P26: DSEIN002 | Q26: 1-28825212088 | R26: PT-MUSTIKA JAYADSEIN002 | S26: PT-MUSTIKA JAYA1-28825212088 | T26: 8976538478
A27: INNER JAKARTA | B27: BEKASI | C27: Ali Sabana | D27: MC-MUSTIKA JAYA | E27: MUHAMAD RIFALDI | F27: HERRY CHRISTIAN | H27: Kp.kebantenan gg.anugerah rt.05 rw.06 no.65 | I27: 3275091902840012 | J27: PRIA | K27: CSO | L27: 628985560042 | M27: herry.christian4@gmail.com | O27: BKS_BS_7 | P27: DSEIN018 | Q27: 1-136173742121 | R27: PT-MUSTIKA JAYADSEIN018 | S27: PT-MUSTIKA JAYA1-136173742121
A28: INNER JAKARTA | B28: BEKASI | C28: Ali Sabana | D28: MC-MUSTIKA JAYA | E28: MUHAMAD RIFALDI | F28: MUHAMMAD ZULFIKAR | G28: 5258172895 | H28: jl mushola arifiah RT 008/007 | I28: 3275082707960021 | J28: PRIA | L28: 6289602778079 | O28: BKS_BS_4 | P28: DSEIN028 | Q28: 1-28825212100 | R28: PT-MUSTIKA JAYADSEIN028 | S28: PT-MUSTIKA JAYA1-28825212100 | T28: 5258172895
A29: INNER JAKARTA | B29: BEKASI | C29: Ali Sabana | D29: MC-PONDOK GEDE | E29: RULLI PRATAMA | F29: NURHAEDI | G29: 6459739401 | H29: Jl. Kp. Cikunir, RT/RW.002/008, No.29, Kel. Jatikramat, Kec. Jatiasih 17421 | I29: 3201170809850002 | J29: PRIA | L29: 628166333327 | O29: BKS_PG_26 | P29: CSOBKSB-04 | Q29: CSOBKSB-043ID | R29: PT-PONDOK GEDECSOBKSB-04 | S29: PT-PONDOK GEDECSOBKSB-043ID | T29: 6459739401
A30: INNER JAKARTA | B30: BEKASI | C30: Ali Sabana | D30: MC-PONDOK GEDE | E30: RULLI PRATAMA | F30: SUSANTO | G30: 7906117504 | H30: jl. pisang kepok lll FD3 NO.2 RT.002/RW.012 KEL.KOTA BARU KEC.BEKASI BARAT KOTA BEKASI | I30: 3275081611870017 | J30: PRIA | L30: 628165671777 | O30: BKS_PG_32 | P30: CSOBKSB-08 | Q30: CSOBKSB-083ID | R30: PT-PONDOK GEDECSOBKSB-08 | S30: PT-PONDOK GEDECSOBKSB-083ID | T30: 7906117504
A31: INNER JAKARTA | B31: BEKASI | C31: Ali Sabana | D31: MC-PONDOK GEDE | E31: RULLI PRATAMA | F31: HERMANSYAH | G31: 6478070708 | H31: Jl. H. Ahyar, RW.5, Duren Sawit, Kec. Duren Sawit, Kota Jakarta Timur, Daerah Khusus Ibukota Jakarta 13440, Indonesia | I31: 3175071504820010 | J31: PRIA | L31: 62858940940827 | O31: BKS_PG_27 | P31: CSOBKSB-09 | Q31: CSOBKSB-093ID | R31: PT-PONDOK GEDECSOBKSB-09 | S31: PT-PONDOK GEDECSOBKSB-093ID | T31: 6478070708
A32: INNER JAKARTA | B32: BEKASI | C32: Ali Sabana | D32: MC-PONDOK GEDE | E32: RULLI PRATAMA | F32: MULYADI | G32: 6443249460 | H32: jln. kp sumur klender rt. 006 rw. 017 no. 02 jakarta timur | I32: 3175072710880014 | J32: PRIA | L32: 62857765555347 | O32: BKS_PG_33 | P32: CSOBKSB-10 | Q32: CSOBKSB-103ID | R32: PT-PONDOK GEDECSOBKSB-10 | S32: PT-PONDOK GEDECSOBKSB-103ID | T32: 6443249460
A33: INNER JAKARTA | B33: BEKASI | C33: Ali Sabana | D33: MC-PONDOK GEDE | E33: RULLI PRATAMA | F33: AGUNG PURWOKO | G33: 6139822823 | H33: jl.kramataris no.128 RT.07 RW 03 Setu ,cipayung | I33: 3175100901780002 | J33: PRIA | L33: 62856970280217 | O33: BKS_PG_31 | P33: CSOBKSB-11 | Q33: CSOBKSB-113ID | R33: PT-PONDOK GEDECSOBKSB-11 | S33: PT-PONDOK GEDECSOBKSB-113ID | T33: 6139822823
A34: INNER JAKARTA | B34: BEKASI | C34: Ali Sabana | D34: MC-PONDOK GEDE | E34: RULLI PRATAMA | F34: MUHAMMAD RIZALDI | G34: 5531128311 | H34: jalan celepuk 1 rt 003 rw012, jatimakmur,pondok gede, bekasi | I34: 3275082107920008 | J34: PRIA | L34: 62815746723287 | O34: BKS_PG_25 | P34: CSOBKSB-16 | Q34: CSOBKSB-163ID | R34: PT-PONDOK GEDECSOBKSB-16 | S34: PT-PONDOK GEDECSOBKSB-163ID | T34: 5531128311
A35: INNER JAKARTA | B35: BEKASI | C35: Ali Sabana | D35: MC-PONDOK GEDE | E35: RULLI PRATAMA | F35: SANDY SAPUTRA | G35: 8830859485 | H35: Kp Pedurenan Rt05 Rw011 Jatiluhur Jatiasih Bekasi kota | I35: 3275022305800020 | J35: PRIA | K35: CSO | L35: 628985560045 | M35: Saputrasandi2305@gamil.com | O35: BKS_PG_30 | P35: DSEIN001 | Q35: 1-136173742147 | R35: PT-PONDOK GEDEDSEIN001 | S35: PT-PONDOK GEDE1-136173742147 | T35: 8830859485
A36: INNER JAKARTA | B36: BEKASI | C36: Ali Sabana | D36: MC-PONDOK GEDE | E36: RULLI PRATAMA | F36: ADNAN S BADRUN | G36: 7626944116 | H36: Taman Cikunir Indah Blok C5 No.10 RT001/ RW011 Jakamulya Bekasi Selatan 17146 | I36: 3275042511870015 | J36: PRIA | L36: 6289602778076 | O36: BKS_PG_28 | P36: DSEIN004 | Q36: 1-28825212094 | R36: PT-PONDOK GEDEDSEIN004 | S36: PT-PONDOK GEDE1-28825212094 | T36: 7626944116
A37: INNER JAKARTA | B37: BEKASI | C37: Ali Sabana | D37: MC-PONDOK GEDE | E37: RULLI PRATAMA | F37: ZULFIKAR | G37: 8677906122 | H37: Jl balai rakyat jakarta timur | I37: 3175073108840007 | J37: PRIA | K37: CSO | L37: 6289602778077 | M37: 1718arzu@gmail.com | O37: BKS_PG_34 | P37: DSEIN022 | Q37: 1-28825212096 | R37: PT-PONDOK GEDEDSEIN022 | S37: PT-PONDOK GEDE1-28825212096 | T37: 8677906122
A38: INNER JAKARTA | B38: BEKASI | C38: Ali Sabana | D38: MC-PONDOK GEDE | E38: RULLI PRATAMA | F38: SAYADI MAHMUD | G38: 8819253454 | H38: puri bukit hijau 16 no 20 rt 03 rw 05 kampung sawah | I38: 3304020606950002 | J38: PRIA | L38: 6289602778078 | O38: BKS_PG_29 | P38: DSEIN037 | Q38: 1-28825212098 | R38: PT-PONDOK GEDEDSEIN037 | S38: PT-PONDOK GEDE1-28825212098 | T38: 8819253454
A39: INNER JAKARTA | B39: CENTRAL NORTH JAKARTA | C39: Ragus Sularto | D39: MC-CEMPAKA PUTIH | E39: SUHENDRA | F39: EKI LIFYANTO | G39: 7318574582 | H39: JALAN SUNTER GEDUNG RUBUH RT.010/RW.002 KOTA JAKARTA UTARA 14360 | I39: 3172022209800012 | J39: PRIA | K39: CSO | L39: 6285771315013 | O39: CNJ_JP_1 | P39: 2613050977 | Q39: 26130509773ID | R39: PT-CEMPAKA PUTIH2613050977 | S39: PT-CEMPAKA PUTIH26130509773ID | T39: 7318574582
A40: INNER JAKARTA | B40: CENTRAL NORTH JAKARTA | C40: Ragus Sularto | D40: MC-CEMPAKA PUTIH | E40: SUHENDRA | F40: SANDRA | G40: 1445450502 | H40: MERUYA UTARA RT 03/ RW 04 | I40: 3173080412921000 | J40: PRIA | K40: CSO | L40: 6281511649202 | O40: CNJ_JP_2 | P40: 2613052398 | Q40: 26130523983ID | R40: PT-CEMPAKA PUTIH2613052398 | S40: PT-CEMPAKA PUTIH26130523983ID | T40: 1445450502
A41: INNER JAKARTA | B41: CENTRAL NORTH JAKARTA | C41: Ragus Sularto | D41: MC-CEMPAKA PUTIH | E41: SUHENDRA | F41: RIYANTO | G41: 6452805492 | H41: JL.SUMUR BATU RT.008/RW.008 KOTA JAKARTA PUSAT 10640 | I41: 3171031901760008 | J41: PRIA | K41: CSO | L41: 62857991691857 | O41: CNJ_JP_6 | P41: CSOBUANAJKP05 | Q41: CSOBUANAJKP053ID | R41: PT-CEMPAKA PUTIHCSOBUANAJKP05 | S41: PT-CEMPAKA PUTIHCSOBUANAJKP053ID | T41: 6452805492
A42: INNER JAKARTA | B42: CENTRAL NORTH JAKARTA | C42: Ragus Sularto | D42: MC-CEMPAKA PUTIH | E42: SUHENDRA | F42: DEDE SULAIMAN | G42: 8101087465 | H42: DUSUN II RT.002/RW.002 KABUPATEN LAMPUNG TENGAH 34158 | I42: 1802260801950002 | J42: PRIA | K42: CSO | L42: 62858606096957 | O42: CNJ_JP_8 | P42: CSOBUANAJKP07 | Q42: CSOBUANAJKP073ID | R42: PT-CEMPAKA PUTIHCSOBUANAJKP07 | S42: PT-CEMPAKA PUTIHCSOBUANAJKP073ID | T42: 8101087465
A43: INNER JAKARTA | B43: CENTRAL NORTH JAKARTA | C43: Ragus Sularto | D43: MC-CEMPAKA PUTIH | E43: SUHENDRA | F43: DJAMALUDIN HARYADI | G43: 7802374707 | H43: KEMAYORAN TENGAH 3 RT.009/RW.007 KOTA JAKARTA PUSAT 10620 | I43: 3171032703880002 | J43: PRIA | K43: CSO | L43: 62857773555597 | O43: CNJ_JP_9 | P43: CSOBUANAJKP08 | Q43: CSOBUANAJKP083ID | R43: PT-CEMPAKA PUTIHCSOBUANAJKP08 | S43: PT-CEMPAKA PUTIHCSOBUANAJKP083ID | T43: 7802374707
A44: INNER JAKARTA | B44: CENTRAL NORTH JAKARTA | C44: Ragus Sularto | D44: MC-CEMPAKA PUTIH | E44: SUHENDRA | F44: ASEP SUMANTRI | G44: 7416269307 | H44: JL CIPINANG CEMPEDAK V NO 4 RT.008/RW.006 KOTA JAKARTA TIMUR 13340 | I44: 3175031101820011 | J44: PRIA | K44: CSO | L44: 62858131344137 | O44: CNJ_JP_10 | P44: CSOBUANAJKP09 | Q44: CSOBUANAJKP093ID | R44: PT-CEMPAKA PUTIHCSOBUANAJKP09 | S44: PT-CEMPAKA PUTIHCSOBUANAJKP093ID | T44: 7416269307
A45: INNER JAKARTA | B45: CENTRAL NORTH JAKARTA | C45: Ragus Sularto | D45: MC-CEMPAKA PUTIH | E45: SUHENDRA | F45: ARIF HARDIANTORO | G45: 1716620959 | H45: JL.SERDANG BARU NO.22A RT.004/RW.005 KOTA JAKARTA PUSAT 10650 | I45: 3323180205810001 | J45: PRIA | K45: CSO | L45: 62858831083737 | O45: CNJ_JP_11 | P45: CSOBUANAJKP11 | Q45: CSOBUANAJKP113ID | R45: PT-CEMPAKA PUTIHCSOBUANAJKP11 | S45: PT-CEMPAKA PUTIHCSOBUANAJKP113ID | T45: 1716620959
A46: INNER JAKARTA | B46: CENTRAL NORTH JAKARTA | C46: Ragus Sularto | D46: MC-CEMPAKA PUTIH | E46: SUHENDRA | F46: ROHMAD WIDODO | G46: 8080401631 | H46: JL.RAWA SELATAN RT.010/RW.007 KOTA JAKARTA PUSAT 10550 | I46: 3171081905820001 | J46: PRIA | K46: CSO | L46: 62857765271617 | O46: CNJ_JP_12 | P46: CSOBUANAJKP12 | Q46: CSOBUANAJKP123ID | R46: PT-CEMPAKA PUTIHCSOBUANAJKP12 | S46: PT-CEMPAKA PUTIHCSOBUANAJKP123ID | T46: 8080401631
A47: INNER JAKARTA | B47: CENTRAL NORTH JAKARTA | C47: Ragus Sularto | D47: MC-CEMPAKA PUTIH | E47: SUHENDRA | F47: MAULANA SYAEFUL | G47: 8028883139 | H47: JL JATINEGARA KAUM RT.03/RW.03 KOTA JAKARTA TIMUR 13250 | I47: 3175033010820006 | J47: PRIA | K47: CSO | L47: 62858909225157 | O47: CNJ_JP_14 | P47: CSOBUANAJKP14 | Q47: CSOBUANAJKP143ID | R47: PT-CEMPAKA PUTIHCSOBUANAJKP14 | S47: PT-CEMPAKA PUTIHCSOBUANAJKP143ID | T47: 8028883139
A48: INNER JAKARTA | B48: CENTRAL NORTH JAKARTA | C48: Ragus Sularto | D48: MC-KELAPA GADING | E48: MUHAMAD YUNUS HIDAYAT | F48: M. Alzikri | H48: JL KAMPUNG PULO RT.014/RW.003 KOTA JAKARTA TIMUR 13320 | I48: 3175030306000002 | J48: PRIA | K48: CSO | L48: 6285691354474 | O48: CNJ_KG_15 | P48: 2613050474 | Q48: 26130504743ID | R48: PT-KELAPA GADING2613050474 | S48: PT-KELAPA GADING26130504743ID | T48: 8439960026
A49: INNER JAKARTA | B49: CENTRAL NORTH JAKARTA | C49: Ragus Sularto | D49: MC-KELAPA GADING | E49: MUHAMAD YUNUS HIDAYAT | F49: YAHYA MUHAIMIN | G49: 6438558018 | H49: JL. TIPAR CAKUNG RT.005/RW.005 KOTA JAKARTA UTARA 14130 | I49: 3172042108970004 | J49: PRIA | K49: CSO | L49: 6285781257152 | O49: CNJ_KG_16 | P49: 2613051092 | Q49: 26130510923ID | R49: PT-KELAPA GADING2613051092 | S49: PT-KELAPA GADING26130510923ID | T49: 6438558018
A50: INNER JAKARTA | B50: CENTRAL NORTH JAKARTA | C50: Ragus Sularto | D50: MC-KELAPA GADING | E50: MUHAMAD YUNUS HIDAYAT | F50: MOH IQBAL | G50: 8204310249 | H50: JL TELUK PUCUNG RT001 RW002 KELURAHAN TELUK PUCUNG KE, BEKASI UTARA | I50: 3275031805840016 | J50: PRIA | K50: CSO | L50: 6285888855077 | O50: CNJ_KG_19 | P50: 2613051872 | Q50: 26130518723ID | R50: PT-KELAPA GADING2613051872 | S50: PT-KELAPA GADING26130518723ID | T50: 8204310249
A51: INNER JAKARTA | B51: CENTRAL NORTH JAKARTA | C51: Ragus Sularto | D51: MC-KELAPA GADING | E51: MUHAMAD YUNUS HIDAYAT | F51: Faisal Fachruddin P | H51: JL. MAWAR MERAH III/8/17 RT.007/RW.012 KOTA JAKARTA TIMUR 13460 | I51: 3175070306770012 | J51: PRIA | K51: CSO | L51: 6285692700649 | O51: CNJ_KG_20 | P51: DSEBUANAJKU03 | Q51: DSEBUANAJKU033ID | R51: PT-KELAPA GADINGDSEBUANAJKU03 | S51: PT-KELAPA GADINGDSEBUANAJKU033ID | T51: 8905936677
A52: INNER JAKARTA | B52: CENTRAL NORTH JAKARTA | C52: Ragus Sularto | D52: MC-KELAPA GADING | E52: MUHAMAD YUNUS HIDAYAT | F52: UMAR HADIKUSUMA | G52: — | H52: GG. TELAGA MURNI IV NO 49 RT.024/RW.01 KOTA JAKARTA UTARA 14350 | I52: 3172020204940007 | J52: PRIA | K52: CSO | L52: 6285692700656 | O52: CNJ_KG_21 | P52: DSEBUANAJKU04 | Q52: DSEBUANAJKU043ID | R52: PT-KELAPA GADINGDSEBUANAJKU04 | S52: PT-KELAPA GADINGDSEBUANAJKU043ID
A53: INNER JAKARTA | B53: CENTRAL NORTH JAKARTA | C53: Ragus Sularto | D53: MC-KELAPA GADING | E53: MUHAMAD YUNUS HIDAYAT | F53: SUBIARTO | G53: 5807958342 | H53: JL KALIBARU BARAT IV NO 12 A RT.04/RW.07 KOTA JAKARTA UTARA 14110 | I53: 3172040806800004 | J53: PRIA | K53: CSO | L53: 6285692700657 | O53: CNJ_KG_22 | P53: DSEBUANAJKU05 | Q53: DSEBUANAJKU053ID | R53: PT-KELAPA GADINGDSEBUANAJKU05 | S53: PT-KELAPA GADINGDSEBUANAJKU053ID | T53: 5807958342
A54: INNER JAKARTA | B54: CENTRAL NORTH JAKARTA | C54: Ragus Sularto | D54: MC-KELAPA GADING | E54: MUHAMAD YUNUS HIDAYAT | F54: Ariefarta Jayadi | G54: 8314477409 | H54: JLN CILINCING LAMA 1 RT.009/RW.04 KOTA JAKARTA UTARA 14120 | I54: 3172041509830001 | J54: PRIA | K54: CSO | L54: 6285692700662 | O54: CNJ_KG_25 | P54: DSEBUANAJKU08 | Q54: DSEBUANAJKU083ID | R54: PT-KELAPA GADINGDSEBUANAJKU08 | S54: PT-KELAPA GADINGDSEBUANAJKU083ID | T54: 8314477409
A55: INNER JAKARTA | B55: CENTRAL NORTH JAKARTA | C55: Ragus Sularto | D55: MC-PADEMANGAN | E55: ANANTO PRATIKNO | F55: SYARIFAH WANDA KHADIJAH ALKAFF | H55: BALAI PUSTAKA BARU NO 16B RT.004/RW.015 KOTA JAKARTA TIMUR 13220 | I55: 3175025311010012 | J55: WANITA | K55: CSO | L55: 6285839976830 | O55: CNJ_TP_27 | P55: 2613050954 | Q55: 26130509543ID | R55: PT-PADEMANGAN2613050954 | S55: PT-PADEMANGAN26130509543ID | T55: 8801454719
A56: INNER JAKARTA | B56: CENTRAL NORTH JAKARTA | C56: Ragus Sularto | D56: MC-PADEMANGAN | E56: ANANTO PRATIKNO | F56: ABDUL GAFUR | H56: PULAU TIDUNG RT.001/RW.001 KABUPATEN KEPULAUAN SERIBU 14520 | I56: 3101020810980002 | J56: PRIA | K56: CSO | L56: 6285716260216 | O56: CNJ_TP_28 | P56: CSOSDP2023036 | Q56: CSOSDP20230363ID | R56: PT-PADEMANGANCSOSDP2023036 | S56: PT-PADEMANGANCSOSDP20230363ID
A57: INNER JAKARTA | B57: CENTRAL NORTH JAKARTA | C57: Ragus Sularto | D57: MC-PADEMANGAN | E57: ANANTO PRATIKNO | F57: CIPPY HENDRA LESMANA | G57: — | H57: BANGSAL RT.004/RW.004 KABUPATEN NGAWI 63214 | I57: 3172010306951001 | J57: PRIA | K57: CSO | L57: 6285692700664 | O57: CNJ_TP_30 | P57: DSEBUANAJKU11R | Q57: DSEBUANAJKU11R3ID | R57: PT-PADEMANGANDSEBUANAJKU11R | S57: PT-PADEMANGANDSEBUANAJKU11R3ID
A58: INNER JAKARTA | B58: CENTRAL NORTH JAKARTA | C58: Ragus Sularto | D58: MC-PADEMANGAN | E58: ANANTO PRATIKNO | F58: MUHAMMAD FARWIS | G58: 7254132404 | H58: JL.H HASAN RT.013/RW.008 KOTA JAKARTA TIMUR 13950 | I58: 3175062604920009 | J58: PRIA | K58: CSO | L58: 6285714888807 | O58: CNJ_TP_32 | P58: DSEBUANAJKU14R | Q58: DSEBUANAJKU14R3ID | R58: PT-PADEMANGANDSEBUANAJKU14R | S58: PT-PADEMANGANDSEBUANAJKU14R3ID | T58: 7254132404
A59: INNER JAKARTA | B59: CENTRAL NORTH JAKARTA | C59: Ragus Sularto | D59: MC-PADEMANGAN | E59: ANANTO PRATIKNO | F59: SAMSIDIN | G59: — | H59: TELUKGONG RT.005/RW.008 KOTA JAKARTA UTARA 14450 | I59: 3172010404770020 | J59: PRIA | K59: CSO | L59: 6285692700676 | O59: CNJ_TP_33 | P59: DSEBUANAJKU16R | Q59: DSEBUANAJKU16R3ID | R59: PT-PADEMANGANDSEBUANAJKU16R | S59: PT-PADEMANGANDSEBUANAJKU16R3ID
A60: INNER JAKARTA | B60: CENTRAL NORTH JAKARTA | C60: Ragus Sularto | D60: MC-PADEMANGAN | E60: ANANTO PRATIKNO | F60: USMAN | G60: 8779829368 | H60: JL.H.NASIH RT.014/RW.003 KOTA JAKARTA TIMUR 13760 | I60: 3175053006830002 | J60: PRIA | K60: CSO | L60: 6285692700680 | O60: CNJ_TP_34 | P60: DSEBUANAJKU17R | Q60: DSEBUANAJKU17R3ID | R60: PT-PADEMANGANDSEBUANAJKU17R | S60: PT-PADEMANGANDSEBUANAJKU17R3ID | T60: 8779829368
A61: INNER JAKARTA | B61: CENTRAL NORTH JAKARTA | C61: Ragus Sularto | D61: MC-PADEMANGAN | E61: ANANTO PRATIKNO | F61: YANDI LESMANA | G61: 8186450442 | H61: JL. ANGSANA NO. 42 RT.011/RW.002 KOTA JAKARTA PUSAT 10410 | I61: 3171012207840003 | J61: PRIA | K61: CSO | L61: 6285692700683 | O61: CNJ_TP_35 | P61: DSEBUANAJKU18R | Q61: DSEBUANAJKU18R3ID | R61: PT-PADEMANGANDSEBUANAJKU18R | S61: PT-PADEMANGANDSEBUANAJKU18R3ID | T61: 8186450442
A62: INNER JAKARTA | B62: CENTRAL NORTH JAKARTA | C62: Ragus Sularto | D62: MC-PADEMANGAN | E62: ANANTO PRATIKNO | F62: AGUSTINUS | G62: 8840314501 | H62: JALAN CIKIJANG V NO 36 RT.008/RW.011 KOTA JAKARTA UTARA 14230 | I62: 3172031808910007 | J62: PRIA | K62: CSO | L62: 6285718256704 | O62: CNJ_TP_37 | P62: DSEBUANAJKU20R | Q62: DSEBUANAJKU20R3ID | R62: PT-PADEMANGANDSEBUANAJKU20R | S62: PT-PADEMANGANDSEBUANAJKU20R3ID | T62: 8840314501
A63: INNER JAKARTA | B63: CENTRAL NORTH JAKARTA | C63: Ragus Sularto | D63: MC-TANAH ABANG | E63: NORMAN PARASIAN | F63: BAHARUDIN | G63: 7897604815 | H63: JL. MENTENG JAYA NO 5 RT.015/RW.009 KOTA JAKARTA PUSAT 10310 | I63: 3171062511870001 | J63: PRIA | K63: CSO | L63: 62857163999997 | O63: CNJ_JP_3 | P63: CSOBUANAJKP01 | Q63: CSOBUANAJKP013ID | R63: PT-TANAH ABANGCSOBUANAJKP01 | S63: PT-TANAH ABANGCSOBUANAJKP013ID | T63: 7897604815
A64: INNER JAKARTA | B64: CENTRAL NORTH JAKARTA | C64: Ragus Sularto | D64: MC-TANAH ABANG | E64: NORMAN PARASIAN | F64: YUDI HARTONO | G64: 6828378538 | H64: KP RAWA SAWAH RT.009/RW.002 KOTA JAKARTA PUSAT 10550 | I64: 3171080308800003 | J64: PRIA | K64: CSO | L64: 6285619745127 | O64: CNJ_JP_4 | P64: CSOBUANAJKP02 | Q64: CSOBUANAJKP023ID | R64: PT-TANAH ABANGCSOBUANAJKP02 | S64: PT-TANAH ABANGCSOBUANAJKP023ID | T64: 6828378538
A65: INNER JAKARTA | B65: CENTRAL NORTH JAKARTA | C65: Ragus Sularto | D65: MC-TANAH ABANG | E65: NORMAN PARASIAN | F65: Muhammad Rizki | H65: PESING GADOG RT.010/RW.007 KOTA JAKARTA BARAT 11520 | I65: 3173050903950007 | J65: PRIA | K65: CSO | L65: 62858899994847 | O65: CNJ_JP_5 | P65: CSOBUANAJKP03 | Q65: CSOBUANAJKP033ID | R65: PT-TANAH ABANGCSOBUANAJKP03 | S65: PT-TANAH ABANGCSOBUANAJKP033ID | T65: 7444867996
A66: INNER JAKARTA | B66: CENTRAL NORTH JAKARTA | C66: Ragus Sularto | D66: MC-TANAH ABANG | E66: NORMAN PARASIAN | F66: IDRIS MAULANA | G66: 7393611572 | H66: DUSUN KUNINGAN RT.001/RW.008 KABUPATEN LAMPUNG SELATAN 35594 | I66: 1801102301980002 | J66: PRIA | K66: CSO | L66: 62856943338887 | O66: CNJ_JP_7 | P66: CSOBUANAJKP06 | Q66: CSOBUANAJKP063ID | R66: PT-TANAH ABANGCSOBUANAJKP06 | S66: PT-TANAH ABANGCSOBUANAJKP063ID | T66: 7393611572
A67: INNER JAKARTA | B67: CENTRAL NORTH JAKARTA | C67: Ragus Sularto | D67: MC-TANAH ABANG | E67: NORMAN PARASIAN | F67: RIKY ADE GUNAWAN | G67: 8992555213 | H67: GG SUBUR NO.42 RT.002/RW.001 KOTA TANGERANG 15154 | I67: 3175071807840001 | J67: PRIA | K67: CSO | L67: 62857173737307 | O67: CNJ_JP_13 | P67: CSOBUANAJKP13 | Q67: CSOBUANAJKP133ID | R67: PT-TANAH ABANGCSOBUANAJKP13 | S67: PT-TANAH ABANGCSOBUANAJKP133ID | T67: 8992555213
A68: INNER JAKARTA | B68: CENTRAL NORTH JAKARTA | C68: Ragus Sularto | D68: MC-TANJUNG PRIOK | E68: RUDI HARDANA DARMAWAN | F68: Herry Apriyanto | H68: JL.KALIBARU TIMUR IX RT.006/RW.014 KOTA JAKARTA UTARA 14110 | I68: 3172040604960004 | J68: PRIA | K68: CSO | L68: 62857301257151 | O68: CNJ_KG_17 | P68: 2613051093 | Q68: 26130510933ID | R68: PT-TANJUNG PRIOK2613051093 | S68: PT-TANJUNG PRIOK26130510933ID | T68: 8984588273
A69: INNER JAKARTA | B69: CENTRAL NORTH JAKARTA | C69: Ragus Sularto | D69: MC-TANJUNG PRIOK | E69: RUDI HARDANA DARMAWAN | F69: Ade Muhidin | G69: 8614548434 | H69: KMP.BAHARI 4 NO13 RT.002/RW.009 KOTA JAKARTA UTARA 14310 | I69: 3172021107900013 | J69: PRIA | K69: CSO | L69: 6285882783924 | O69: CNJ_KG_18 | P69: 2613051413 | Q69: 26130514133ID | R69: PT-TANJUNG PRIOK2613051413 | S69: PT-TANJUNG PRIOK26130514133ID | T69: 8614548434
A70: INNER JAKARTA | B70: CENTRAL NORTH JAKARTA | C70: Ragus Sularto | D70: MC-TANJUNG PRIOK | E70: RUDI HARDANA DARMAWAN | F70: MUHAMAD AMARUDIN | H70: PERUM GRAMA PURI PERSADA BLOK F9.NO26 RT.004/RW.007 KABUPATEN BEKASI 17530 | I70: 3172022807910000 | J70: PRIA | K70: CSO | L70: 6285778144448 | O70: CNJ_TP_26 | P70: 2613052473 | Q70: 26130524733ID | R70: PT-TANJUNG PRIOK2613052473 | S70: PT-TANJUNG PRIOK26130524733ID
A71: INNER JAKARTA | B71: CENTRAL NORTH JAKARTA | C71: Ragus Sularto | D71: MC-TANJUNG PRIOK | E71: RUDI HARDANA DARMAWAN | F71: MOCHAMAD RIDWAN | G71: 8651168274 | H71: JL. BENDUNGAN MELAYU NO. 17 RT.001/RW.002 KOTA JAKARTA UTARA 143230 | I71: 3172020406810011 | J71: PRIA | K71: CSO | L71: 62856815404 | O71: CNJ_KG_23 | P71: DSEBUANAJKU06 | Q71: DSEBUANAJKU063ID | R71: PT-TANJUNG PRIOKDSEBUANAJKU06 | S71: PT-TANJUNG PRIOKDSEBUANAJKU063ID | T71: 8651168274
A72: INNER JAKARTA | B72: CENTRAL NORTH JAKARTA | C72: Ragus Sularto | D72: MC-TANJUNG PRIOK | E72: RUDI HARDANA DARMAWAN | F72: DWINANDA ARISTANTO | G72: 7739225754 | H72: JL.UTAN PANJANG III RT.001/RW.006 KOTA JAKARTA PUSAT 10650 | I72: 3171032011890003 | J72: PRIA | K72: CSO | L72: 6285692700661 | O72: CNJ_KG_24 | P72: DSEBUANAJKU07 | Q72: DSEBUANAJKU073ID | R72: PT-TANJUNG PRIOKDSEBUANAJKU07 | S72: PT-TANJUNG PRIOKDSEBUANAJKU073ID | T72: 7739225754
A73: INNER JAKARTA | B73: CENTRAL NORTH JAKARTA | C73: Ragus Sularto | D73: MC-TANJUNG PRIOK | E73: RUDI HARDANA DARMAWAN | F73: AGUS KURNIA BUDYONO | G73: 8478529371 | H73: JL BANGAU IV RT.008/RW.008 KOTA JAKARTA PUSAT 10610 | I73: 3171032408750010 | J73: PRIA | K73: CSO | L73: 6285692700647 | O73: CNJ_TP_29 | P73: DSEBUANAJKU10R | Q73: DSEBUANAJKU10R3ID | R73: PT-TANJUNG PRIOKDSEBUANAJKU10R | S73: PT-TANJUNG PRIOKDSEBUANAJKU10R3ID | T73: 8478529371
A74: INNER JAKARTA | B74: CENTRAL NORTH JAKARTA | C74: Ragus Sularto | D74: MC-TANJUNG PRIOK | E74: RUDI HARDANA DARMAWAN | F74: MOH IMAM YUSKY | H74: PULOSARI RT.005/RW.003 KABUPATEN BREBES 52212 | I74: 3329091306900006 | J74: PRIA | K74: CSO | L74: 6285692700667 | O74: CNJ_TP_31 | P74: DSEBUANAJKU13R | Q74: DSEBUANAJKU13R3ID | R74: PT-TANJUNG PRIOKDSEBUANAJKU13R | S74: PT-TANJUNG PRIOKDSEBUANAJKU13R3ID | T74: 8315374570
A75: INNER JAKARTA | B75: CENTRAL NORTH JAKARTA | C75: Ragus Sularto | D75: MC-TANJUNG PRIOK | E75: RUDI HARDANA DARMAWAN | F75: YUSUP ARDIANSYAH | G75: 8649078857 | H75: JL. RAWA TENGAH NO. 8 RT.008/RW.004 KOTA JAKARTA PUSAT 10530 | I75: 3171050707851001 | J75: PRIA | K75: CSO | L75: 6285692700686 | O75: CNJ_TP_36 | P75: DSEBUANAJKU19R | Q75: DSEBUANAJKU19R3ID | R75: PT-TANJUNG PRIOKDSEBUANAJKU19R | S75: PT-TANJUNG PRIOKDSEBUANAJKU19R3ID | T75: 8649078857
A76: INNER JAKARTA | B76: SOUTH JAKARTA DEPOK | C76: Roswida Sidauruk | D76: MC-BEJI | E76: INVENT RADIANTI PRATIWI | F76: Laraswati Indah Anggraeni | H76: JL. Raya Lapangan Tembak RT 02/RW 02 Kel. Cibubur, Jakarta Timur | I76: 3308194501930002 | J76: WANITA | K76: CSO | L76: 62895634937759 | O76: DPK_DB_2 | P76: 2613052261 | Q76: 26130522613ID | R76: PT-BEJI2613052261 | S76: PT-BEJI26130522613ID
A77: INNER JAKARTA | B77: SOUTH JAKARTA DEPOK | C77: Roswida Sidauruk | D77: MC-BEJI | E77: INVENT RADIANTI PRATIWI | F77: SURYADI DANU SAPUTRA | G77: 7693185992 | H77: PERUM CIPTA GRAHA PERMAI BLOK H2 NO.1 RT.004/RW.002 KABUPATEN BOGOR 16913 | I77: 3175012602930005 | J77: PRIA | K77: CSO | L77: 6280086422501 | O77: DPK_DB_11 | P77: CSO-LOKADPK02 | Q77: CSO-LOKADPK023ID | R77: PT-BEJICSO-LOKADPK02 | S77: PT-BEJICSO-LOKADPK023ID | T77: 7693185992
A78: INNER JAKARTA | B78: SOUTH JAKARTA DEPOK | C78: Roswida Sidauruk | D78: MC-BEJI | E78: INVENT RADIANTI PRATIWI | F78: SAIDINA HAMZAH | G78: 5530267974 | H78: JLTOLEISKANDAR RT.01/RW.01 KOTA DEPOK 16412 | I78: 3201130403980005 | J78: PRIA | K78: CSO | L78: 6285810001998 | O78: DPK_DB_3 | P78: CSO-LOKADPK09 | Q78: CSO-LOKADPK093ID | R78: PT-BEJICSO-LOKADPK09 | S78: PT-BEJICSO-LOKADPK093ID | T78: 5530267974
A79: INNER JAKARTA | B79: SOUTH JAKARTA DEPOK | C79: Roswida Sidauruk | D79: MC-BEJI | E79: INVENT RADIANTI PRATIWI | F79: MUHAMAD FIRDAUS | G79: 7452836329 | H79: PADURENAN RT.001/RW.006 KABUPATEN BOGOR 16916 | I79: 3201011904840012 | J79: PRIA | K79: CSO | L79: 6289507336727 | O79: DPK_DB_10 | P79: DSEIN052 | Q79: 1-186304119396 | R79: PT-BEJIDSEIN052 | S79: PT-BEJI1-186304119396 | T79: 7452836329
A80: INNER JAKARTA | B80: SOUTH JAKARTA DEPOK | C80: Roswida Sidauruk | D80: MC-BEJI | E80: INVENT RADIANTI PRATIWI | F80: FARIDA ARYANI | G80: 8002538783 | H80: TANJUNG BARAT RT.005/RW.002 KOTA JAKARTA SELATAN 12610 | I80: 3175047008940001 | J80: WANITA | K80: CSO | L80: 6289507363417 | O80: DPK_DB_9 | P80: DSEIN054 | Q80: 1-186304893731 | R80: PT-BEJIDSEIN054 | S80: PT-BEJI1-186304893731 | T80: 8002538783
A81: INNER JAKARTA | B81: SOUTH JAKARTA DEPOK | C81: Roswida Sidauruk | D81: MC-BEJI | E81: INVENT RADIANTI PRATIWI | F81: ARIADNI | G81: 1446832099 | H81: PERUMAHAN BUMI CAKRA BLOK C5 NO2 RT.003/RW.008 KABUPATEN BOGOR 16413 | I81: 3201014611830009 | J81: WANITA | K81: CSO | L81: 6289602777875 | O81: DPK_DB_4 | P81: DSEIN073 | Q81: 1-28825211928 | R81: PT-BEJIDSEIN073 | S81: PT-BEJI1-28825211928 | T81: 1446832099
A82: INNER JAKARTA | B82: SOUTH JAKARTA DEPOK | C82: Roswida Sidauruk | D82: MC-CIMANGGIS | E82: ARIBOWO | F82: ELA RUSDIAH | G82: 8166464839 | H82: RATUJAYA RT.007/RW.005 KOTA DEPOK 16445 | I82: 3276076902920001 | J82: WANITA | K82: CSO | L82: 6280086422505 | O82: DPK_DT_14 | P82: CSO-LOKADPK06 | Q82: CSO-LOKADPK063ID | R82: PT-CIMANGGISCSO-LOKADPK06 | S82: PT-CIMANGGISCSO-LOKADPK063ID | T82: 8166464839
A83: INNER JAKARTA | B83: SOUTH JAKARTA DEPOK | C83: Roswida Sidauruk | D83: MC-CIMANGGIS | E83: ARIBOWO | F83: RUDINI LAZUARDI | G83: 5997015901 | H83: JLN SWADAYA 8 NO 29 RT.006/RW.012 KOTA DEPOK 16426 | I83: 3276060609860004 | J83: PRIA | K83: CSO | L83: 6285717020316 | O83: DPK_DT_21 | P83: CSO-LOKADPK17 | Q83: CSO-LOKADPK173ID | R83: PT-CIMANGGISCSO-LOKADPK17 | S83: PT-CIMANGGISCSO-LOKADPK173ID | T83: 5997015901
A84: INNER JAKARTA | B84: SOUTH JAKARTA DEPOK | C84: Roswida Sidauruk | D84: MC-CIMANGGIS | E84: ARIBOWO | F84: SYAEFUL BAHRI | G84: 6444733934 | H84: JATIJAJAR RT.03/RW.01 KOTA DEPOK 16466 | I84: 3301102009850002 | J84: PRIA | K84: CSO | L84: 6285782385678 | O84: DPK_DT_13 | P84: CSO-LOKADPK20 | Q84: CSO-LOKADPK203ID | R84: PT-CIMANGGISCSO-LOKADPK20 | S84: PT-CIMANGGISCSO-LOKADPK203ID | T84: 6444733934
A85: INNER JAKARTA | B85: SOUTH JAKARTA DEPOK | C85: Roswida Sidauruk | D85: MC-CIMANGGIS | E85: ARIBOWO | F85: EVA SOLINA SINAGA | G85: 1147778501 | H85: GG.ALIANDONG BOJONGSARI DEPOK RT.03/RW.09 KOTA DEPOK 16516 | I85: 3276034902890003 | J85: WANITA | K85: CSO | L85: 62857160357947 | O85: DPK_DT_25 | P85: CSO-LOKADPK23 | Q85: CSO-LOKADPK233ID | R85: PT-CIMANGGISCSO-LOKADPK23 | S85: PT-CIMANGGISCSO-LOKADPK233ID | T85: 1147778501
A86: INNER JAKARTA | B86: SOUTH JAKARTA DEPOK | C86: Roswida Sidauruk | D86: MC-CIMANGGIS | E86: ARIBOWO | F86: ANITIYA | G86: 8587349867 | H86: GG ASEM RT.003/RW.009 KOTA DEPOK 16516 | I86: 3276017007900005 | J86: WANITA | K86: CSO | L86: 6281574929262 | O86: DPK_DT_20 | P86: CSO-LOKADPK25 | Q86: CSO-LOKADPK253ID | R86: PT-CIMANGGISCSO-LOKADPK25 | S86: PT-CIMANGGISCSO-LOKADPK253ID | T86: 8587349867
A87: INNER JAKARTA | B87: SOUTH JAKARTA DEPOK | C87: Roswida Sidauruk | D87: MC-CIMANGGIS | E87: ARIBOWO | F87: SUSANTO | G87: 7906117504 | H87: KP.RAWAGENI RT.006/RW.007 KOTA DEPOK 16439 | I87: 3201130906920007 | J87: PRIA | K87: CSO | L87: 6285719252307 | O87: DPK_DT_19 | P87: CSO-LOKADPK27 | Q87: CSO-LOKADPK273ID | R87: PT-CIMANGGISCSO-LOKADPK27 | S87: PT-CIMANGGISCSO-LOKADPK273ID | T87: 7906117504
A88: INNER JAKARTA | B88: SOUTH JAKARTA DEPOK | C88: Roswida Sidauruk | D88: MC-CIPAYUNG | E88: FRILA HANDRIANI | F88: SULENDRA | G88: 1693304400 | H88: JL. H. SIKAM KEL KALIBARU RT 004/RW 005 KEC CILODONG | I88: 3276012012870006 | J88: PRIA | K88: CSO | L88: 6289507348390 | O88: DPK_DT_17 | P88: 1-186306401553 | Q88: 1-1863064015533ID | R88: PT-CIPAYUNG1-186306401553 | S88: PT-CIPAYUNG1-1863064015533ID | T88: 1693304400
A89: INNER JAKARTA | B89: SOUTH JAKARTA DEPOK | C89: Roswida Sidauruk | D89: MC-CIPAYUNG | E89: FRILA HANDRIANI | F89: DEVI INDRIYANI | H89: KP PARUNG SERAB RT.008/RW.003 KOTA DEPOK 16412 | I89: 3276054112860005 | J89: WANITA | K89: CSO | L89: 6280086422506 | O89: DPK_DT_22 | P89: CSO-LOKADPK07 | Q89: CSO-LOKADPK073ID | R89: PT-CIPAYUNGCSO-LOKADPK07 | S89: PT-CIPAYUNGCSO-LOKADPK073ID | T89: 1285372772
A90: INNER JAKARTA | B90: SOUTH JAKARTA DEPOK | C90: Roswida Sidauruk | D90: MC-CIPAYUNG | E90: FRILA HANDRIANI | F90: PUTRI NUR KOMALA | G90: 8866875255 | H90: JL. RAJAWALI RT.005/RW.004 KOTA DEPOK 16421 | I90: 3276065310930002 | J90: WANITA | K90: CSO | L90: 6280086422507 | O90: DPK_DT_24 | P90: CSO-LOKADPK08 | Q90: CSO-LOKADPK083ID | R90: PT-CIPAYUNGCSO-LOKADPK08 | S90: PT-CIPAYUNGCSO-LOKADPK083ID | T90: 8866875255
A91: INNER JAKARTA | B91: SOUTH JAKARTA DEPOK | C91: Roswida Sidauruk | D91: MC-CIPAYUNG | E91: FRILA HANDRIANI | F91: Junita Riana | H91: KP KEKUPU RT.02/RW.03 KOTA DEPOK 16435 | I91: 3276016805870005 | J91: WANITA | K91: CSO | L91: 6285779999546 | O91: DPK_DT_18 | P91: CSO-LOKADPK19 | Q91: CSO-LOKADPK193ID | R91: PT-CIPAYUNGCSO-LOKADPK19 | S91: PT-CIPAYUNGCSO-LOKADPK193ID | T91: 1644090081
A92: INNER JAKARTA | B92: SOUTH JAKARTA DEPOK | C92: Roswida Sidauruk | D92: MC-CIPAYUNG | E92: FRILA HANDRIANI | F92: BASUKI | G92: 6313198446 | H92: JL KARTINI NO 61 RT.03/RW.09 KOTA DEPOK 16431 | I92: 3276010610740005 | J92: PRIA | K92: CSO | L92: 62856956664997 | O92: DPK_DT_15 | P92: CSO-LOKADPK21 | Q92: CSO-LOKADPK213ID | R92: PT-CIPAYUNGCSO-LOKADPK21 | S92: PT-CIPAYUNGCSO-LOKADPK213ID | T92: 6313198446
A93: INNER JAKARTA | B93: SOUTH JAKARTA DEPOK | C93: Roswida Sidauruk | D93: MC-CIPAYUNG | E93: FRILA HANDRIANI | F93: Dwi Apriliani | H93: JL MASJID ALMUAWANAH RT.008/RW.07 KOTA JAKARTA SELATAN 12640 | I93: 3171045804960002 | J93: WANITA | K93: CSO | L93: 6285781633357 | O93: DPK_DT_12 | P93: CSO-LOKADPK26 | Q93: CSO-LOKADPK263ID | R93: PT-CIPAYUNGCSO-LOKADPK26 | S93: PT-CIPAYUNGCSO-LOKADPK263ID | T93: 6333421366
A94: INNER JAKARTA | B94: SOUTH JAKARTA DEPOK | C94: Roswida Sidauruk | D94: MC-CIPAYUNG | E94: FRILA HANDRIANI | F94: Nursaranita | G94: 8787682152 | H94: JALAN SALAK 1 NO 43 RT.009/RW.001 KOTA DEPOK 16433 | I94: 3276015201920005 | J94: WANITA | K94: CSO | L94: 62857743726347 | O94: DPK_DT_23 | P94: CSO-LOKADPK29 | Q94: CSO-LOKADPK293ID | R94: PT-CIPAYUNGCSO-LOKADPK29 | S94: PT-CIPAYUNGCSO-LOKADPK293ID | T94: 8787682152
A95: INNER JAKARTA | B95: SOUTH JAKARTA DEPOK | C95: Roswida Sidauruk | D95: MC-CIPAYUNG | E95: FRILA HANDRIANI | F95: FADLY NAWAWI | G95: 6214860102 | H95: GG H ENTONG CIPAYUNG RT.03/RW.07 KABUPATEN BOGOR 16914 | I95: 3201012411980009 | J95: PRIA | K95: CSO | L95: 62895386577171 | O95: DPK_DT_16 | P95: DSEIN045 | Q95: 1-136291163598 | R95: PT-CIPAYUNGDSEIN045 | S95: PT-CIPAYUNG1-136291163598 | T95: 6214860102
A96: INNER JAKARTA | B96: SOUTH JAKARTA DEPOK | C96: Roswida Sidauruk | D96: MC-SAWANGAN | E96: MUHAMMAD FAUZI | F96: WAHYUDI | G96: 7146014535 | H96: KP.RAWAKALONG RT.002/RW.007 KOTA DEPOK 16533 | I96: 3276041407890001 | J96: PRIA | K96: CSO | L96: 6285880815199 | O96: DPK_DB_1 | P96: CSO-LOKADPK03 | Q96: CSO-LOKADPK033ID | R96: PT-SAWANGANCSO-LOKADPK03 | S96: PT-SAWANGANCSO-LOKADPK033ID | T96: 7146014535
A97: INNER JAKARTA | B97: SOUTH JAKARTA DEPOK | C97: Roswida Sidauruk | D97: MC-SAWANGAN | E97: MUHAMMAD FAUZI | F97: MUHADI | G97: 6304085868 | H97: JL. KEMBANG KP UTAN NO. 23 RT.002/RW.008 KOTA TANGERANG SELATAN 15412 | I97: 3674052612800005 | J97: PRIA | K97: CSO | L97: 6280086422502 | O97: DPK_DB_7 | P97: CSO-LOKADPK04 | Q97: CSO-LOKADPK043ID | R97: PT-SAWANGANCSO-LOKADPK04 | S97: PT-SAWANGANCSO-LOKADPK043ID | T97: 6304085868
A98: INNER JAKARTA | B98: SOUTH JAKARTA DEPOK | C98: Roswida Sidauruk | D98: MC-SAWANGAN | E98: MUHAMMAD FAUZI | F98: MUHAMMAD FEBRIANSYAH | G98: 7932944707 | H98: KP. STANGKLE RT.005/RW.015 KOTA DEPOK 16423 | I98: 3276061402990008 | J98: PRIA | K98: CSO | L98: 6289507343824 | O98: DPK_DB_5 | P98: DSEIN051 | Q98: 1-186295831761 | R98: PT-SAWANGANDSEIN051 | S98: PT-SAWANGAN1-186295831761 | T98: 7932944707
A99: INNER JAKARTA | B99: SOUTH JAKARTA DEPOK | C99: Roswida Sidauruk | D99: MC-SAWANGAN | E99: MUHAMMAD FAUZI | F99: ENDRA BIN MARDA | G99: 6056168598 | H99: BEDAHAN RT.003/RW.002 KOTA DEPOK 15619 | I99: 1301031310920005 | J99: PRIA | K99: CSO | L99: 6289507363485 | O99: DPK_DB_8 | P99: DSEIN053 | Q99: 1-186304119485 | R99: PT-SAWANGANDSEIN053 | S99: PT-SAWANGAN1-186304119485 | T99: 6056168598
A100: INNER JAKARTA | B100: SOUTH JAKARTA DEPOK | C100: Roswida Sidauruk | D100: MC-SAWANGAN | E100: MUHAMMAD FAUZI | F100: Mohammad Faisal Ahfanda | H100: JL.RE MARTADINATA RT.5/RW.4 KOTA TANGERANG SELATAN 15411 | I100: 3674040302020005 | J100: PRIA | K100: CSO | L100: 6289602777880 | O100: DPK_DB_6 | P100: DSEIN074 | Q100: 1-28825211936 | R100: PT-SAWANGANDSEIN074 | S100: PT-SAWANGAN1-28825211936
A101: INNER JAKARTA | B101: EAST JAKARTA | C101: Muchlis | D101: MC-CAKUNG | E101: FAHMI KURNIANTO | F101: Mustofa Nurhidayat | G101: 8623202790 | H101: JL H ARSAD KP PEDURENAN RT.003/RW.004 KOTA BEKASI 17425 | I101: 3171052507950001 | J101: PRIA | K101: CSO | L101: 6285792000083 | O101: EJ_CK_10 | P101: DSEDURSAW083 | Q101: DSEDURSAW0833ID | R101: PT-CAKUNGDSEDURSAW083 | S101: PT-CAKUNGDSEDURSAW0833ID | T101: 8623202790
A102: INNER JAKARTA | B102: EAST JAKARTA | C102: Muchlis | D102: MC-CAKUNG | E102: FAHMI KURNIANTO | F102: Achmat Rizal | G102: 1620322999 | H102: KP CIKADU RT.002/RW.002 KABUPATEN BOGOR 16820 | I102: 3201072003980006 | J102: PRIA | K102: CSO | L102: 6285710911929 | O102: EJ_CK_1 | P102: DSEDURSAW703 | Q102: DSEDURSAW7033ID | R102: PT-CAKUNGDSEDURSAW703 | S102: PT-CAKUNGDSEDURSAW7033ID | T102: 1620322999
A103: INNER JAKARTA | B103: EAST JAKARTA | C103: Muchlis | D103: MC-CAKUNG | E103: FAHMI KURNIANTO | F103: Heryanto | G103: 5437185576 | H103: DUSUNMANIS RT.006/RW.002 KABUPATEN KUNINGAN 45555 | I103: 3208230807970001 | J103: PRIA | K103: CSO | L103: 6285775999311 | O103: EJ_CK_4 | P103: DSEDURSAW704 | Q103: DSEDURSAW7043ID | R103: PT-CAKUNGDSEDURSAW704 | S103: PT-CAKUNGDSEDURSAW7043ID | T103: 5437185576
...

Sheet dari web teleport
A1: Nama DSE | B1: Kode / Sales ID | C1: Sales Type | D1: Role | E1: Brand | F1: Territory (Cluster) | G1: CSE | H1: Telegram | I1: Status Telegram | J1: Status | K1: Aksi
A2: AAB ABDUL ROSID | B2: 2613050984 | C2: DSE | D2: DSE | E2: IM3 | F2: INNER JAKARTA EAST | G2: RIAN SANJAYA SURNA | H2: 1521678273 | I2: Belum Dicek | J2: ● Aktif | K2: Edit Profil 🔴
A3: AAN KOS | B3: CSOBKST-06 | C3: DSE | D3: DSE | E3: IM3 | F3: INNER JAKARTA EAST | G3: RAHAYU UTAMININGSIH | H3: 8855252608 | I3: Belum Dicek | J3: ● Aktif | K3: Edit Profil 🔴
A4: Aan nalury | B4: DSE0808 | C4: DSE + Store Promotor | D4: DSE | E4: — | F4: — | G4: — | H4: 8172557940 | I4: Belum Dicek | J4: ● Aktif | K4: Edit Profil 🔴
A5: AAN SETIADI | B5: 2613051028 | C5: DSE | D5: DSE | E5: 3ID | F5: INNER JAKARTA WEST | G5: ARIE SETYO PRABOWO | H5: 1648983729 | I5: Belum Dicek | J5: ● Aktif | K5: Edit Profil 🔴
A6: AAR ARDIANSYAH | B6: GSE-KARAWANG2 | C6: GSE | D6: DSE | E6: — | F6: — | G6: — | H6: 7555884957 | I6: Belum Dicek | J6: ● Aktif | K6: Edit Profil 🔴
A7: ABDUL AZIZ KAMIL RAFIKOLAN | B7: USR0037 | C7: Leader CSE/RSE/BSM + Store Promotor | D7: Supervisor | E7: — | F7: — | G7: — | H7: 327648261 | I7: NOT BINDED | J7: ● Aktif | K7: Edit Profil 🔴
A8: ABDUL HAKIM | B8: DSETMUN04 | C8: DSE | D8: DSE | E8: IM3 | F8: INNER JAKARTA EAST | G8: R. SYARIEF DURAHMAN | H8: 8447462899 | I8: Belum Dicek | J8: ● Aktif | K8: Edit Profil 🔴
A9: ABDUL HALIM SOEMARDI | B9: 1-136287627234 | C9: DSE | D9: DSE | E9: 3ID | F9: INNER JAKARTA WEST | G9: INVENT RADIANTI PRATIWI | H9: 7986688443 | I9: Belum Dicek | J9: ● Aktif | K9: Edit Profil 🔴
A10: ABDUL ROHIM | B10: CSO-UTARA-06 | C10: DSE | D10: DSE | E10: IM3 | F10: INNER JAKARTA EAST | G10: AGAM EKANANDA GUMELAR | H10: 7871774207 | I10: Belum Dicek | J10: ● Aktif | K10: Edit Profil 🔴
A11: ABDUL WAHAB IBRAHIM | B11: 458231 | C11: DSF | D11: DSE | E11: 3ID | F11: INNER JAKARTA EAST | G11: MUHAMAD SHANDI MAULIDRIZKI | H11: 6778073837 | I11: Belum Dicek | J11: ● Aktif | K11: Edit Profil 🔴
A12: ACHMAD ABDULAH | B12: 1-28825212088 | C12: DSE | D12: DSE | E12: 3ID | F12: INNER JAKARTA EAST | G12: ADITYA HASANUDDIN | H12: 8976538478 | I12: Belum Dicek | J12: ● Aktif | K12: Edit Profil 🔴
A13: ACHMAD RIZKI FAUZI | B13: 1-28825212068 | C13: DSE | D13: DSE | E13: 3ID | F13: INNER JAKARTA EAST | G13: SEPTIAN AJI PUTRA | H13: 8859636861 | I13: Belum Dicek | J13: ● Aktif | K13: Edit Profil 🔴
A14: ACHMAD SYARIF | B14: DSETMUN07 | C14: DSE | D14: DSE | E14: IM3 | F14: INNER JAKARTA EAST | G14: R. SYARIEF DURAHMAN | H14: 8280479968 | I14: Belum Dicek | J14: ● Aktif | K14: Edit Profil 🔴
A15: Achmat Rizal | B15: DSEDURSAW703 | C15: DSE | D15: DSE | E15: IM3 | F15: INNER JAKARTA WEST | G15: FAHMI KURNIANTO | H15: 1620322999 | I15: Belum Dicek | J15: ● Aktif | K15: Edit Profil 🔴
A16: ADAM GITA WANA | B16: CSO-SELATAN-08 | C16: DSE + DSE Promotor | D16: DSE | E16: IM3 | F16: INNER JAKARTA EAST | G16: THEOVILLUS MARTHIN YOHANES | H16: 8492045610 | I16: NOT BINDED | J16: ● Aktif | K16: Edit Profil 🔴
A17: ADE ELVIANTO | B17: DSETMUN10 | C17: DSE | D17: DSE | E17: IM3 | F17: INNER JAKARTA EAST | G17: R. SYARIEF DURAHMAN | H17: 7128414274 | I17: Belum Dicek | J17: ● Aktif | K17: Edit Profil 🔴
A18: Ade Jafar Shodiq | B18: DSE0574 | C18: Store Promotor | D18: DSE | E18: IM3 | F18: INNER JAKARTA EAST | G18: R. SYARIEF DURAHMAN | H18: 6968874426 | I18: NOT BINDED | J18: ● Aktif | K18: Edit Profil 🔴
A19: Ade muhidin | B19: DSE0768 | C19: DSE | D19: DSE | E19: — | F19: — | G19: — | H19: 8614548434 | I19: Belum Dicek | J19: ● Aktif | K19: Edit Profil 🔴
A20: Ade Novrianto | B20: DSECIPCIR295 | C20: DSE | D20: DSE | E20: IM3 | F20: INNER JAKARTA WEST | G20: ABDUL AZIZ KAMIL RAFIKOLAN | H20: 912960452 | I20: Belum Dicek | J20: ● Aktif | K20: Edit Profil 🔴
A21: ADHITYA PRATAMA | B21: USR0052 | C21: Leader CSE/RSE/BSM | D21: Supervisor | E21: — | F21: — | G21: — | H21: 7107170355 | I21: Belum Dicek | J21: ● Aktif | K21: Edit Profil 🔴
A22: ADIA ERES RUANTINO | B22: 2613050982 | C22: DSE | D22: DSE | E22: IM3 | F22: INNER JAKARTA EAST | G22: RIAN SANJAYA SURNA | H22: 6923528438 | I22: Belum Dicek | J22: ● Aktif | K22: Edit Profil 🔴
A23: ADIAR | B23: 1-135556558807 | C23: DSE | D23: DSE | E23: 3ID | F23: INNER JAKARTA EAST | G23: ADHITYA PRATAMA | H23: 8824817626 | I23: Belum Dicek | J23: ● Aktif | K23: Edit Profil 🔴
A24: Adini Aulia | B24: DSE0729 | C24: Store Promotor | D24: DSE | E24: — | F24: — | G24: — | H24: 1227263689 | I24: Belum Dicek | J24: ● Aktif | K24: Edit Profil 🔴
A25: Adnan S Badrun | B25: 1-28825212094 | C25: DSE | D25: DSE | E25: 3ID | F25: INNER JAKARTA EAST | G25: RULLI PRATAMA | H25: 7626944116 | I25: Belum Dicek | J25: ● Aktif | K25: Edit Profil 🔴
A26: Ady Suhendry | B26: DSECIPCIR514 | C26: DSE | D26: DSE | E26: IM3 | F26: INNER JAKARTA WEST | G26: ABDUL AZIZ KAMIL RAFIKOLAN | H26: 8057780019 | I26: Belum Dicek | J26: ● Aktif | K26: Edit Profil 🔴
A27: Adytia Hasanudin | B27: DSE0666 | C27: Leader CSE/RSE/BSM | D27: Supervisor | E27: — | F27: — | G27: — | H27: 8583574586 | I27: Belum Dicek | J27: ● Aktif | K27: Edit Profil 🔴
A28: AGAM EKANANDA GUMELAR | B28: USR0027 | C28: Leader CSE/RSE/BSM | D28: Supervisor | E28: — | F28: — | G28: — | H28: 930789892 | I28: Belum Dicek | J28: ● Aktif | K28: Edit Profil 🔴
A29: AGIL TIRTANA | B29: 1-28825212122 | C29: DSE | D29: DSE | E29: 3ID | F29: INNER JAKARTA EAST | G29: MUHAMAD SHANDI MAULIDRIZKI | H29: 5999026420 | I29: NOT BINDED | J29: ● Aktif | K29: Edit Profil 🔴
A30: AGUNG NUGROHO | B30: 1-28825212134 | C30: DSE Promotor + DSE | D30: DSE | E30: 3ID | F30: INNER JAKARTA EAST | G30: MUHAMAD SHANDI MAULIDRIZKI | H30: 7551562093 | I30: NOT BINDED | J30: ● Aktif | K30: Edit Profil 🔴
A31: AGUNG PURWOKO | B31: CSOBKSB-11 | C31: DSE | D31: DSE | E31: IM3 | F31: INNER JAKARTA EAST | G31: MUHAMMAD GUFRON | H31: 6139822823 | I31: Belum Dicek | J31: ● Aktif | K31: Edit Profil 🔴
A32: AGUS JUMAEDI | B32: 1-136297797461 | C32: DSE | D32: DSE | E32: 3ID | F32: INNER JAKARTA WEST | G32: MUHAMMAD REZA FAHLEVI | H32: 7332752873 | I32: Belum Dicek | J32: ● Aktif | K32: Edit Profil 🔴
A33: AGUS KURNIA BUDYONO | B33: DSEBUANAJKU10R | C33: DSE | D33: DSE | E33: IM3 | F33: INNER JAKARTA WEST | G33: RUDI HARDANA DARMAWAN | H33: 8478529371 | I33: Belum Dicek | J33: ● Aktif | K33: Edit Profil 🔴
A34: AGUS SURYO NUGROHO | B34: 1-28825212076 | C34: DSE | D34: DSE | E34: 3ID | F34: INNER JAKARTA EAST | G34: ADITYA HASANUDDIN | H34: 8823702943 | I34: Belum Dicek | J34: ● Aktif | K34: Edit Profil 🔴
... A56: ALDI KRISTIAWAN | B56: GSE-KAB BEKASI1 | C56: GSE | D56: DSE | E56: — | F56: — | G56: — | H56: 8460664080 | I56: Belum Dicek | J56: ● Aktif | K56: Edit Profil 🔴
A57: ALDI THAMRIN | B57: 2613051035 | C57: DSE | D57: DSE | E57: 3ID | F57: INNER JAKARTA WEST | G57: ARIE SETYO PRABOWO | H57: 7897818692 | I57: Belum Dicek | J57: ● Aktif | K57: Edit Profil 🔴
A58: Aldika Fayzal Rahaditya | B58: DSE0664 | C58: Leader CSE/RSE/BSM | D58: Supervisor | E58: — | F58: — | G58: — | H58: 6769811218 | I58: Belum Dicek | J58: ● Aktif | K58: Edit Profil 🔴
A59: Aldisya nisrina putri | B59: STPRO-IN-M021 | C59: Store Promotor | D59: DSE | E59: Hybrid | F59: INNER JAKARTA WEST | G59: — | H59: 6044533550 | I59: Belum Dicek | J59: ● Aktif | K59: Edit Profil 🔴
A60: ALEXANDER MANURUNG | B60: 1-28825211826 | C60: DSE | D60: DSE | E60: 3ID | F60: INNER JAKARTA WEST | G60: RIZKY KURNIAWAN | H60: 8855551259 | I60: Belum Dicek | J60: ● Aktif | K60: Edit Profil 🔴
A61: ALFIAN FARDIANSYAH | B61: CSOBKSB-02 | C61: DSE | D61: DSE | E61: IM3 | F61: INNER JAKARTA EAST | G61: MUHAMMAD GUFRON | H61: 6484161430 | I61: Belum Dicek | J61: ● Aktif | K61: Edit Profil 🔴
A62: ALFIAN SETIA BUDI | B62: CSO-CKP005 | C62: DSE | D62: DSE | E62: IM3 | F62: INNER JAKARTA EAST | G62: RIAN SANJAYA SURNA | H62: 8672060506 | I62: Belum Dicek | J62: ● Aktif | K62: Edit Profil 🔴
A63: Ali Ibra | B63: CSOBKSS-08 | C63: DSE | D63: DSE | E63: IM3 | F63: INNER JAKARTA EAST | G63: MOCH ALI AS'AD | H63: 8770568393 | I63: Belum Dicek | J63: ● Aktif | K63: Edit Profil 🔴
A64: Ali sabana | B64: DSE0667 | C64: Leader CSE/RSE/BSM | D64: Manager | E64: — | F64: — | G64: — | H64: 8365105392 | I64: Belum Dicek | J64: ● Aktif | K64: Edit Profil 🔴
A65: Allifa | B65: STPRO-IN-M001X | C65: Store Promotor | D65: DSE | E65: Hybrid | F65: INNER JAKARTA WEST | G65: — | H65: 6511700452 | I65: Belum Dicek | J65: ● Aktif | K65: Edit Profil 🔴
A66: Alviana Natasa Pratiwi | B66: DSE0733 | C66: Store Promotor | D66: DSE | E66: IM3 | F66: INNER JAKARTA WEST | G66: FRILA HANDRIANI | H66: 8826122949 | I66: Belum Dicek | J66: ● Aktif | K66: Edit Profil 🔴
A67: AMIN KURNIAWAN | B67: CSOBUANAJKB12 | C67: DSE + DSE Promotor | D67: DSE | E67: IM3 | F67: INNER JAKARTA WEST | G67: LESTARI A. R. | H67: 8955655496 | I67: Belum Dicek | J67: ● Aktif | K67: Edit Profil 🔴
A68: Ananda sukria | B68: DSE0741 | C68: DSE | D68: DSE | E68: — | F68: — | G68: — | H68: 6775006424 | I68: Belum Dicek | J68: ● Aktif | K68: Edit Profil 🔴
A69: ANANTO | B69: DSE0670 | C69: Leader CSE/RSE/BSM | D69: Supervisor | E69: — | F69: — | G69: — | H69: 7112632843 | I69: Belum Dicek | J69: ● Aktif | K69: Edit Profil 🔴
... A74: ANDI NOVIAN | B74: 1-28825212755 | C74: DSE | D74: DSE | E74: 3ID | F74: INNER JAKARTA EAST | G74: ADHITYA PRATAMA | H74: 6655317440 | I74: Belum Dicek | J74: ● Aktif | K74: Edit Profil 🔴
A75: ANDI WHISNU CHANDRA | B75: 2613051094 | C75: DSE | D75: DSE | E75: IM3 | F75: INNER JAKARTA WEST | G75: MUHAMAD YUNUS HIDAYAT | H75: 392836663 | I75: Belum Dicek | J75: ● Aktif | K75: Edit Profil 🔴
A76: ANDI WISNU CHANDRA F | B76: DSE0749 | C76: DSE | D76: DSE | E76: — | F76: — | G76: — | H76: 2137290742 | I76: Belum Dicek | J76: ● Aktif | K76: Edit Profil 🔴
A77: ANDIKA | B77: 1-28825211910 | C77: DSE | D77: DSE | E77: 3ID | F77: INNER JAKARTA WEST | G77: ARIE SETYO PRABOWO | H77: 6455865390 | I77: Belum Dicek | J77: ● Aktif | K77: Edit Profil 🔴
A78: ANDINI OKTAVIANA | B78: 2613050978 | C78: DSE | D78: DSE | E78: IM3 | F78: INNER JAKARTA WEST | G78: NORMAN PARASIAN | H78: 5326242755 | I78: Belum Dicek | J78: ● Aktif | K78: Edit Profil 🔴
A79: ANDRI MULYANA | B79: CSOEASTRDK03 | C79: DSE | D79: DSE | E79: IM3 | F79: INNER JAKARTA EAST | G79: WIWIT PRASETYO | H79: 8233583257 | I79: Belum Dicek | J79: ● Aktif | K79: Edit Profil 🔴
A80: ANDRI WIJANARKO | B80: 1-135596391609 | C80: DSE | D80: DSE | E80: 3ID | F80: INNER JAKARTA EAST | G80: SANDY NOPRIANSYAH | H80: 8972834398 | I80: Belum Dicek | J80: ● Aktif | K80: Edit Profil 🔴
A81: ANDRIAN MULYA PUTRA | B81: 1-136301153423 | C81: DSE | D81: DSE | E81: 3ID | F81: INNER JAKARTA WEST | G81: RIZKY KURNIAWAN | H81: 7088347723 | I81: Belum Dicek | J81: ● Aktif | K81: Edit Profil 🔴
A82: Andrina Budiarti | B82: DSE0577 | C82: Store Promotor | D82: DSE | E82: IM3 | F82: INNER JAKARTA EAST | G82: RAHAYU UTAMININGSIH | H82: 1678186007 | I82: Belum Dicek | J82: ● Aktif | K82: Edit Profil 🔴
A83: ANDY PUTRA INTANI | B83: 1-28824968782 | C83: DSE | D83: DSE | E83: 3ID | F83: INNER JAKARTA WEST | G83: AHYADI | H83: 8493714808 | I83: Belum Dicek | J83: ● Aktif | K83: Edit Profil 🔴
A84: Andy Rizaldi | B84: DSE0744 | C84: DSE | D84: DSE | E84: — | F84: — | G84: — | H84: 8791867175 | I84: Belum Dicek | J84: ● Aktif | K84: Edit Profil 🔴
A85: ANGGA PRASETYA | B85: 1-136179672027 | C85: DSE | D85: DSE | E85: 3ID | F85: INNER JAKARTA EAST | G85: RONA DWI KARYO | H85: 1503418710 | I85: Belum Dicek | J85: ● Aktif | K85: Edit Profil 🔴
A86: ANGGA PUTRA MAULANA | B86: DSETMUN11 | C86: DSE | D86: DSE | E86: IM3 | F86: INNER JAKARTA EAST | G86: R. SYARIEF DURAHMAN | H86: 2083367828 | I86: Belum Dicek | J86: ● Aktif | K86: Edit Profil 🔴
A87: Angga Sukma | B87: 1-28825212092 | C87: DSE | D87: DSE | E87: 3ID | F87: INNER JAKARTA EAST | G87: RULLI PRATAMA | H87: 6510730543 | I87: Belum Dicek | J87: ● Aktif | K87: Edit Profil 🔴
A88: ANGGI ANGGRAENI | B88: DSFINNER05 | C88: DSF | D88: DSE | E88: IM3 | F88: INNER JAKARTA EAST | G88: RIAN SANJAYA SURNA | H88: 8434945637 | I88: Belum Dicek | J88: ● Aktif | K88: Edit Profil 🔴
A89: Anggi Bunga Zavira | B89: DSE0571 | C89: Store Promotor | D89: DSE | E89: Hybrid | F89: INNER JAKARTA WEST | G89: — | H89: 8508185579 | I89: Belum Dicek | J89: ● Aktif | K89: Edit Profil 🔴
A90: ANGGIT CANDRA MUKTI | B90: GSE-BEKASI1 | C90: GSE | D90: DSE | E90: — | F90: — | G90: — | H90: 8820326035 | I90: Belum Dicek | J90: ● Aktif | K90: Edit Profil 🔴
... A105: Arif Saepul Ardi | B105: DSE0766 | C105: Store Promotor | D105: DSE | E105: 3ID | F105: INNER JAKARTA EAST | G105: MUHAMAD SHANDI MAULIDRIZKI | H105: 2072045837 | I105: Belum Dicek | J105: ● Aktif | K105: Edit Profil 🔴
A106: ARIS MALAJAYA | B106: 2613050766 | C106: DSE | D106: DSE | E106: 3ID | F106: INNER JAKARTA EAST | G106: RONA DWI KARYO | H106: 6368643925 | I106: Belum Dicek | J106: ● Aktif | K106: Edit Profil 🔴
A107: ARIS STIYANTO | B107: 1-136301153475 | C107: DSE + DSE Promotor | D107: DSE | E107: 3ID | F107: INNER JAKARTA WEST | G107: MUHAMMAD REZA FAHLEVI | H107: 7571303387 | I107: Belum Dicek | J107: ● Aktif | K107: Edit Profil 🔴
A108: arul | B108: DSE0743 | C108: Store Promotor | D108: DSE | E108: Hybrid | F108: INNER JAKARTA WEST | G108: — | H108: 6208067863 | I108: Belum Dicek | J108: ● Aktif | K108: Edit Profil 🔴
A109: ASEP BUDIANA | B109: DSECKMK05 | C109: DSE | D109: DSE | E109: IM3 | F109: INNER JAKARTA EAST | G109: RIAN SANJAYA SURNA | H109: 8274900995 | I109: Belum Dicek | J109: ● Aktif | K109: Edit Profil 🔴
A110: ASEP SUMANTRI | B110: CSOBUANAJKP09 | C110: DSE | D110: DSE | E110: IM3 | F110: INNER JAKARTA WEST | G110: NORMAN PARASIAN | H110: 7416269307 | I110: Belum Dicek | J110: ● Aktif | K110: Edit Profil 🔴
A111: ASTUTI | B111: DSE0677 | C111: Store Promotor | D111: DSE | E111: — | F111: — | G111: — | H111: 8338119899 | I111: Belum Dicek | J111: ● Aktif | K111: Edit Profil 🔴
A112: ASWAD | B112: 1-136291164016 | C112: DSE | D112: DSE | E112: 3ID | F112: INNER JAKARTA WEST | G112: ARIE SETYO PRABOWO | H112: 6349509646 | I112: Belum Dicek | J112: ● Aktif | K112: Edit Profil 🔴
A113: AURALIA PUTRI | B113: 1-135596391637 | C113: DSE | D113: DSE | E113: 3ID | F113: INNER JAKARTA EAST | G113: ADITYA HASANUDDIN | H113: 8152616978 | I113: Belum Dicek | J113: ● Aktif | K113: Edit Profil 🔴
A114: AYU WANDIRA | B114: 2613051027 | C114: DSE | D114: DSE | E114: 3ID | F114: INNER JAKARTA WEST | G114: ARIE SETYO PRABOWO | H114: 8792720014 | I114: Belum Dicek | J114: ● Aktif | K114: Edit Profil 🔴
A115: BAGUS IRAWAN | B115: 1-135596391691 | C115: DSE | D115: DSE | E115: 3ID | F115: INNER JAKARTA EAST | G115: RONA DWI KARYO | H115: 7869375876 | I115: Belum Dicek | J115: ● Aktif | K115: Edit Profil 🔴
A116: BAGUS WULANDARU ANGGORO P | B116: 1-136301153371 | C116: DSE | D116: DSE | E116: 3ID | F116: INNER JAKARTA WEST | G116: MUHAMMAD REZA FAHLEVI | H116: 8422037382 | I116: Belum Dicek | J116: ● Aktif | K116: Edit Profil 🔴
A117: BAHARUDIN | B117: CSOBUANAJKP01 | C117: DSE + DSE Promotor | D117: DSE | E117: Hybrid | F117: INNER JAKARTA WEST | G117: NORMAN PARASIAN | H117: 7897604815 | I117: Belum Dicek | J117: ● Aktif | K117: Edit Profil 🔴
A118: BAMBANG | B118: CSOEASTRDK02 | C118: DSE | D118: DSE | E118: IM3 | F118: INNER JAKARTA EAST | G118: WIWIT PRASETYO | H118: 8527163054 | I118: Belum Dicek | J118: ● Aktif | K118: Edit Profil 🔴
A119: BAMBANG (NEW DSE) | B119: CSO-SELATAN-07 | C119: DSE | D119: DSE | E119: IM3 | F119: INNER JAKARTA EAST | G119: THEOVILLUS MARTHIN YOHANES | H119: 1157965504 | I119: Belum Dicek | J119: ● Aktif | K119: Edit Profil 🔴
A120: BAMBANG ARIEF BUDIARTO | B120: 2613051084 | C120: DSE | D120: DSE | E120: IM3 | F120: INNER JAKARTA WEST | G120: NORMAN PARASIAN | H120: 7894030086 | I120: Belum Dicek | J120: ● Aktif | K120: Edit Profil 🔴
A121: BAMBANG HERI PRASETYO | B121: 2613050983 | C121: DSE | D121: DSE | E121: IM3 | F121: INNER JAKARTA EAST | G121: RIAN SANJAYA SURNA | H121: 8808553274 | I121: Belum Dicek | J121: ● Aktif | K121: Edit Profil 🔴
A122: BAMBANG YUDIYANTO | B122: CSOBUANAJKB02 | C122: DSE | D122: DSE | E122: IM3 | F122: INNER JAKARTA WEST | G122: ALDIKA FAYZAL RAHADITYA | H122: 1599692013 | I122: Belum Dicek | J122: ● Aktif | K122: Edit Profil 🔴
A123: BASUKI | B123: CSO-LOKADPK21 | C123: DSE | D123: DSE | E123: IM3 | F123: INNER JAKARTA WEST | G123: FRILA HANDRIANI | H123: 6313198446 | I123: Belum Dicek | J123: ● Aktif | K123: Edit Profil 🔴
A124: BENI RAMDANI KUSUMAWARDANA | B124: 1-135596391717 | C124: DSE | D124: DSE | E124: 3ID | F124: INNER JAKARTA EAST | G124: RONA DWI KARYO | H124: 5603384307 | I124: Belum Dicek | J124: ● Aktif | K124: Edit Profil 🔴
A125: BERDY WIDIYANA ANUGRAH | B125: 1-156243050039 | C125: DSE | D125: DSE | E125: 3ID | F125: INNER JAKARTA EAST | G125: ADHITYA PRATAMA | H125: 8554811589 | I125: Belum Dicek | J125: ● Aktif | K125: Edit Profil 🔴
A126: BERNANPO YETRO SITANGGANG BERNANPO YETRO SITANGGANG | B126: 2613050472 | C126: DSE | D126: DSE | E126: 3ID | F126: INNER JAKARTA WEST | G126: SUHENDRA | H126: 8811166139 | I126: Belum Dicek | J126: ● Aktif | K126: Edit Profil 🔴
A127: Berri aji samporno | B127: 1-28824968784 | C127: DSE | D127: DSE | E127: 3ID | F127: INNER JAKARTA WEST | G127: AHYADI | H127: 8986211804 | I127: Belum Dicek | J127: ● Aktif | K127: Edit Profil 🔴
A128: Brahma Putra Tsusabath | B128: USR0011 | C128: DSE | D128: DSE | E128: — | F128: — | G128: — | H128: 8882509329 | I128: Belum Dicek | J128: ● Aktif | K128: Edit Profil 🔴
A129: BRAM BASTIAN | B129: CSOBUANAJKB30 | C129: DSE | D129: DSE | E129: IM3 | F129: INNER JAKARTA WEST | G129: ALDIKA FAYZAL RAHADITYA | H129: 8497804440 | I129: Belum Dicek | J129: ● Aktif | K129: Edit Profil 🔴
A130: BUDI DARSONO | B130: 1-28825212132 | C130: DSE + DSE Promotor | D130: DSE | E130: 3ID | F130: INNER JAKARTA EAST | G130: SANDY NOPRIANSYAH | H130: 8926704467 | I130: Belum Dicek | J130: ● Aktif | K130: Edit Profil 🔴
A131: Budiansyah | B131: 2613051141 | C131: DSE | D131: DSE | E131: IM3 | F131: INNER JAKARTA WEST | G131: RINALDO FERNANDES SIREGAR | H131: 7135098894 | I131: Belum Dicek | J131: ● Aktif | K131: Edit Profil 🔴
A132: CECEP HIDAYAT | B132: 2613051098 | C132: DSE | D132: DSE | E132: IM3 | F132: INNER JAKARTA EAST | G132: MUHAMAD RIFALDI | H132: 818063450 | I132: Belum Dicek | J132: ● Aktif | K132: Edit Profil 🔴
A133: CHAIRUL | B133: 2613050731 | C133: DSE | D133: DSE | E133: 3ID | F133: INNER JAKARTA EAST | G133: SEPTIAN AJI PUTRA | H133: 1549007254 | I133: Belum Dicek | J133: ● Aktif | K133: Edit Profil 🔴
A134: CHARLES MUARIF | B134: 1-28825212124 | C134: DSE | D134: DSE | E134: 3ID | F134: INNER JAKARTA EAST | G134: SANDY NOPRIANSYAH | H134: 8888244250 | I134: Belum Dicek | J134: ● Aktif | K134: Edit Profil 🔴
A135: Chelsia | B135: DSE0755 | C135: Store Promotor + Leader CSE/RSE/BSM | D135: DSE | E135: Hybrid | F135: INNER JAKARTA WEST | G135: — | H135: 1970103102 | I135: Belum Dicek | J135: ● Aktif | K135: Edit Profil 🔴
A136: ChiMoTe | B136: BME RGE 07 | C136: Leader CSE/RSE/BSM | D136: DSE | E136: — | F136: — | G136: — | H136: 8333210232 | I136: Belum Dicek | J136: ● Aktif | K136: Edit Profil 🔴
A137: CICI SANUSI | B137: 2613051097 | C137: DSE | D137: DSE | E137: IM3 | F137: INNER JAKARTA EAST | G137: MUHAMAD RIFALDI | H137: 8979120569 | I137: Belum Dicek | J137: ● Aktif | K137: Edit Profil 🔴
A138: Citra | B138: DSE0818 | C138: Store Promotor | D138: DSE | E138: — | F138: — | G138: — | H138: 8503475889 | I138: Belum Dicek | J138: ● Aktif | K138: Edit Profil 🔴
A139: DANI RODIANA | B139: SH001631 | C139: DSF | D139: DSE | E139: 3ID | F139: INNER JAKARTA EAST | G139: — | H139: 6434786470 | I139: Belum Dicek | J139: ● Aktif | K139: Edit Profil 🔴
...

Sheet Sheet4
A1: BRANCH | B1: MICRO CLUSTER | C1: PARTNER TERRITORY | D1: PARTNER ID NEW | E1: PARTNER ID NEW | F1: Propose | G1: Propose | H1: ID RE-CREATE | I1: ID RE-CREATE | J1: STATUS - 261007 | K1: STATUS - 261007 | L1: ID RE-CREATE | M1: ID RE-CREATE | N1: STATUS | O1: STATUS | P1: AGENCY NAME | Q1: MSISDN ada | R1: Login SALESHUB | S1: RESET PIN IM3 | T1: RESET PIN 3ID | U1: PJP IM3 | V1: PJP 3ID | W1: Inject Saldo IM3 | X1: Inject Saldo 3ID | Y1: Sellin SP/VC IM3 | Z1: Sellin SP/VC 3ID | AA1: NOTE | AB1: NAMA DSE | AC1: X | AD1: Re- check Nama DSE | AE1: Status | AF1: NIK AGENCY | AG1: ALAMAT | AH1: NO KTP | AI1: JENIS KELAMIN | AJ1: ROLE (SPV/CSO) | AK1: MSISDN (YG DIDAFTARKAN MOBO) | AL1: MSISDN (YG DIDAFTARKAN MOBO) | AM1: EMAIL | AN1: REMARKS | AO1: RAYON | AP1: Note | AQ1: DATA SOURCE DEMARKASI CIRCLE IDMPC | AR1: DATA SOURCE DEMARKASI CIRCLE NAMAMPC | AS1: DATA SOURCE DEMARKASI CIRCLE IDMP3 | AT1: DATA SOURCE DEMARKASI CIRCLE NAMAMP3 | AU1: cek partner im3 | AV1: cek partner 3id | AW1: DSE ID IM3 | AX1: DSE ID 3ID | AY1: PT_DSEIDIM3 | AZ1: PT_DSE3ID | BA1: cek id dseim3 | BB1: cek iddse 3id | BC1: x | BD1: x | BE1: NOTE
F2: DSE ID Im3 | G2: DSE ID 3ID | H2: IM3 - 261007 | I2: 3ID - 261007 | L2: IM3 | M2: 3ID
A3: BEKASI | B3: MC-BEKASI TENGAH | C3: PT-BEKASI TENGAH | D3: D426102024 | E3: D526102035 | F3: CSOBKST-01 | G3: CSOBKST-013ID | H3: CSOBKST-01 | I3: CSOBKST-013ID | J3: ACTIVE | K3: ACTIVE | P3: STAFFINC | Q3: Tidak Ada | R3: TRUE | S3: TRUE | T3: TRUE | U3: FALSE | V3: FALSE | W3: TRUE | X3: TRUE | Y3: FALSE | Z3: FALSE | AB3: DODI SETIONO | AD3: DODI SETIONO | AE3: DODI SETIONO | AG3: perumahan puri lestari | AH3: 3.2750503e+15 | AI3: PRIA | AL3: 628567620678 | AO3: BKS_BU_13 | AQ3: D426102024 | AR3: SANNIN BROTHER MEGAH, PT | AS3: D526102035 | AT3: PT SANNIN BROTHER MEGAH BEKASI UTARA | AU3: TRUE | AV3: TRUE | AW3: CSOBKST-01 | AX3: CSOBKST-013ID | AY3: PT-BEKASI TENGAHCSOBKST-01 | AZ3: PT-BEKASI TENGAHCSOBKST-013ID | BA3: TRUE | BB3: TRUE | BE3: 0
AG4: gang seroja 11 blok f32/07 sukajaya
A5: BEKASI | B5: MC-BEKASI TENGAH | C5: PT-BEKASI TENGAH | D5: D426102024 | E5: D526102035 | F5: CSOBKST-02 | G5: CSOBKST-023ID | H5: CSOBKST-02 | I5: CSOBKST-023ID | J5: ACTIVE | K5: ACTIVE | P5: STAFFINC | Q5: Tidak Ada | R5: TRUE | S5: TRUE | T5: TRUE | U5: FALSE | V5: FALSE | W5: TRUE | X5: TRUE | Y5: FALSE | Z5: FALSE | AB5: RESTU SAMBUDI | AD5: RESTU SAMBUDI | AE5: RESTU SAMBUDI | AG5: jalan ujunga harapan gg sejahtera rt002/017 kel bahagia kec babelan depan gg sejahtera 2 | AH5: 3.2160204e+15 | AI5: PRIA | AL5: 6280086422485 | AO5: BKS_BU_17 | AQ5: D426102024 | AR5: SANNIN BROTHER MEGAH, PT | AS5: D526102035 | AT5: PT SANNIN BROTHER MEGAH BEKASI UTARA | AU5: TRUE | AV5: TRUE | AW5: CSOBKST-02 | AX5: CSOBKST-023ID | AY5: PT-BEKASI TENGAHCSOBKST-02 | AZ5: PT-BEKASI TENGAHCSOBKST-023ID | BA5: TRUE | BB5: TRUE | BE5: 0
A6: BEKASI | B6: MC-BEKASI TENGAH | C6: PT-BEKASI TENGAH | D6: D426102024 | E6: D526102035 | F6: CSOBKST-08 | G6: CSOBKST-083ID | H6: CSOBKST-08 | I6: CSOBKST-083ID | J6: ACTIVE | K6: ACTIVE | P6: STAFFINC | Q6: Ada | R6: TRUE | S6: TRUE | T6: TRUE | U6: FALSE | V6: FALSE | W6: TRUE | X6: TRUE | Y6: FALSE | Z6: FALSE | AB6: TRI ADI PRASETYO | AD6: TRI ADI PRASETYO | AE6: TRI ADI PRASETYO | AF6: FALSE | AG6: Jl. Cempaka 9 Bs.11 No. 16 Rt.007/013 Jatisampurna Bekasi | AH6: 3.2751005e+15 | AI6: PRIA | AJ6: CSO | AK6: 85591021413 | AL6: 6280086422482 | AM6: adhyprasetyo0031@gmail.com | AO6: BKS_BU_21 | AP6: Nama tidak sesuai | AQ6: D426102024 | AR6: SANNIN BROTHER MEGAH, PT | AS6: D526102035 | AT6: PT SANNIN BROTHER MEGAH BEKASI UTARA | AU6: TRUE | AV6: TRUE | AW6: CSOBKST-08 | AX6: CSOBKST-083ID | AY6: PT-BEKASI TENGAHCSOBKST-08 | AZ6: PT-BEKASI TENGAHCSOBKST-083ID | BA6: TRUE | BB6: TRUE | BE6: 0
A7: BEKASI | B7: MC-BEKASI TENGAH | C7: PT-BEKASI TENGAH | D7: D426102024 | E7: D526102035 | F7: DSEIN003 | G7: 1-28825212068 | H7: DSEIN003 | I7: 1-28825212068 | J7: ACTIVE | K7: ACTIVE | P7: STAFFINC | Q7: Tidak Ada | R7: TRUE | S7: TRUE | T7: TRUE | U7: FALSE | V7: FALSE | W7: TRUE | X7: TRUE | Y7: FALSE | Z7: FALSE | AB7: ACHMAD RIZKI FAUZI | AD7: ACHMAD RIZKI FAUZI | AE7: ACHMAD RIZKI FAUZI | AG7: 0 | AH7: 3.2750301e+15 | AI7: PRIA | AJ7: CSO | AL7: 6289602778059 | AO7: BKS_BU_15 | AQ7: D426102024 | AR7: SANNIN BROTHER MEGAH, PT | AS7: D526102035 | AT7: PT SANNIN BROTHER MEGAH BEKASI UTARA | AU7: TRUE | AV7: TRUE | AW7: DSEIN003 | AX7: 1-28825212068 | AY7: PT-BEKASI TENGAHDSEIN003 | AZ7: PT-BEKASI TENGAH1-28825212068 | BA7: TRUE | BB7: TRUE | BE7: 0
A8: BEKASI | B8: MC-BEKASI TENGAH | C8: PT-BEKASI TENGAH | D8: D426102024 | E8: D526102035 | F8: DSEIN006 | G8: 1-28825212060 | H8: DSEIN006 | I8: 1-28825212060 | J8: ACTIVE | K8: ACTIVE | P8: STAFFINC | Q8: Tidak Ada | R8: TRUE | S8: TRUE | T8: TRUE | U8: FALSE | V8: FALSE | W8: TRUE | X8: TRUE | Y8: FALSE | Z8: FALSE | AB8: AKMAL MAULANA | AD8: AKMAL MAULANA | AE8: AKMAL MAULANA | AG8: kp.pulo timaha rt 011/007 desa Babelan Kota kabupaten Bekasi | AH8: 3.2160215e+15 | AI8: PRIA | AL8: 6289602778055 | AO8: BKS_BU_14 | AQ8: D426102024 | AR8: SANNIN BROTHER MEGAH, PT | AS8: D526102035 | AT8: PT SANNIN BROTHER MEGAH BEKASI UTARA | AU8: TRUE | AV8: TRUE | AW8: DSEIN006 | AX8: 1-28825212060 | AY8: PT-BEKASI TENGAHDSEIN006 | AZ8: PT-BEKASI TENGAH1-28825212060 | BA8: TRUE | BB8: TRUE | BE8: 0
A9: BEKASI | B9: MC-BEKASI TENGAH | C9: PT-BEKASI TENGAH | D9: D426102024 | E9: D526102035 | F9: DSEIN007 | G9: 1-135606436407 | H9: DSEIN007 | I9: 1-135606436407 | J9: ACTIVE | K9: ACTIVE | P9: STAFFINC | Q9: Ada | R9: TRUE | S9: TRUE | T9: TRUE | U9: FALSE | V9: FALSE | W9: TRUE | X9: TRUE | Y9: FALSE | Z9: FALSE | AB9: AHMAD FIRDAUS | AD9: ASEP RAHMAN MULYANA (DSE Resign Bln Feb) | AE9: AHMAD FIRDAUS | AF9: FALSE | AG9: Taman Cikunir indah blok D no 6 RT 10 RW 11 Bekasi Selatan | AH9: 3.2750429e+15 | AI9: PRIA | AJ9: CSO | AK9: 8985561822 | AL9: 628985561822 | AM9: ahmadfirdaus299@gmail.com | AO9: BKS_BS_1 | AP9: Nama tidak sesuai | AQ9: D426102024 | AR9: SANNIN BROTHER MEGAH, PT | AS9: D526102035 | AT9: PT SANNIN BROTHER MEGAH BEKASI UTARA | AU9: TRUE | AV9: TRUE | AW9: DSEIN007 | AX9: 1-135606436407 | AY9: PT-BEKASI TENGAHDSEIN007 | AZ9: PT-BEKASI TENGAH1-135606436407 | BA9: TRUE | BB9: TRUE | BE9: 0
A10: BEKASI | B10: MC-BEKASI TENGAH | C10: PT-BEKASI TENGAH | D10: D426102024 | E10: D526102035 | F10: DSEIN019 | G10: 1-28825212086 | H10: DSEIN019 | I10: 1-28825212086 | J10: ACTIVE | K10: ACTIVE | P10: STAFFINC | Q10: Tidak Ada | R10: TRUE | S10: TRUE | T10: TRUE | U10: FALSE | V10: FALSE | W10: TRUE | X10: TRUE | Y10: FALSE | Z10: FALSE | AB10: INDRA PURWANTO | AD10: INDRA PURWANTO | AE10: INDRA PURWANTO | AG10: jl.musholla daarul ibtida no.109 rt01 rw 01 kel.bantar gebang kec.bantar gebang kota bekasi | AH10: 3.175071e+15 | AI10: PRIA | AL10: 6289602778072 | AO10: BKS_BS_3 | AQ10: D426102024 | AR10: SANNIN BROTHER MEGAH, PT | AS10: D526102035 | AT10: PT SANNIN BROTHER MEGAH BEKASI UTARA | AU10: TRUE | AV10: TRUE | AW10: DSEIN019 | AX10: 1-28825212086 | AY10: PT-BEKASI TENGAHDSEIN019 | AZ10: PT-BEKASI TENGAH1-28825212086 | BA10: TRUE | BB10: TRUE | BE10: 0
A11: BEKASI | B11: MC-BEKASI TENGAH | C11: PT-BEKASI TENGAH | D11: D426102024 | E11: D526102035 | F11: DSEIN020 | G11: 1-136179672105 | H11: DSEIN020 | I11: 1-136179672105 | J11: ACTIVE | K11: ACTIVE | P11: STAFFINC | Q11: Ada | R11: TRUE | S11: TRUE | T11: TRUE | U11: FALSE | V11: FALSE | W11: TRUE | X11: TRUE | Y11: FALSE | Z11: FALSE | AB11: IRAMA HAREFA | AD11: IRAMA HAREFA | AE11: MUHAMMAD ALDIANSA PANGESTU | AF11: FALSE | AG11: KP Irian No 23 Kecamatan Bekasi Utara | AH11: 3.2750328e+15 | AI11: PRIA | AJ11: CSO | AK11: 895326103063 | AL11: 628985560095 | AM11: aldiansa2801@gmail.com | AO11: BKS_BU_16 | AP11: Nama tidak sesuai | AQ11: D426102024 | AR11: SANNIN BROTHER MEGAH, PT | AS11: D526102035 | AT11: PT SANNIN BROTHER MEGAH BEKASI UTARA | AU11: TRUE | AV11: TRUE | AW11: DSEIN020 | AX11: 1-136179672105 | AY11: PT-BEKASI TENGAHDSEIN020 | AZ11: PT-BEKASI TENGAH1-136179672105 | BA11: TRUE | BB11: TRUE | BE11: 0
A12: BEKASI | B12: MC-BEKASI TENGAH | C12: PT-BEKASI TENGAH | D12: D426102024 | E12: D526102035 | F12: DSEIN027 | G12: 1-135596391663 | H12: DSEIN027 | I12: 1-135596391663 | J12: ACTIVE | K12: ACTIVE | P12: STAFFINC | Q12: Ada | R12: TRUE | S12: TRUE | T12: TRUE | U12: FALSE | V12: FALSE | W12: TRUE | X12: TRUE | Y12: FALSE | Z12: FALSE | AB12: MUHAMMAD ALDIANSA PANGESTU | AD12: MUHAMMAD ALDIANSA PANGESTU | AE12: IRAMA HAREFA | AF12: FALSE | AG12: Jl. Letnan Arsyad 2 No. 81 RT/RW 006/012 Kel. Kayuringin Jaya - Bekasi Selatan | AH12: 1.2040418e+15 | AI12: PRIA | AJ12: CSO | AK12: 8985561832 | AL12: 628985561832 | AM12: iharefa94@gmail.com | AO12: BKS_BS_9 | AP12: Nama tidak sesuai | AQ12: D426102024 | AR12: SANNIN BROTHER MEGAH, PT | AS12: D526102035 | AT12: PT SANNIN BROTHER MEGAH BEKASI UTARA | AU12: TRUE | AV12: TRUE | AW12: DSEIN027 | AX12: 1-135596391663 | AY12: PT-BEKASI TENGAHDSEIN027 | AZ12: PT-BEKASI TENGAH1-135596391663 | BA12: TRUE | BB12: TRUE | BE12: 0
A13: BEKASI | B13: MC-BEKASI TENGAH | C13: PT-BEKASI TENGAH | D13: D426102024 | E13: D526102035 | F13: DSEIN038 | G13: 1-170588695616 | H13: DSEIN038 | I13: 1-170588695616 | J13: ACTIVE | K13: ACTIVE | P13: STAFFINC | Q13: Tidak Ada | R13: TRUE | S13: TRUE | T13: TRUE | U13: FALSE | V13: FALSE | W13: TRUE | X13: TRUE | Y13: FALSE | Z13: FALSE | AB13: SYAIFUL JAMAL | AD13: SYAIFUL JAMAL | AE13: SYAIFUL JAMAL | AG13: perum SATRIA INDAH RESIDENT 2 BLOK I NO 35 KELURAHAN SETIA MEKAR TAMBUN UTARA KAB.BEKASI. | AH13: 3.3271116e+15 | AI13: PRIA | AJ13: CSO | AL13: 6289607902966 | AO13: BKS_BS_2 | AQ13: D426102024 | AR13: SANNIN BROTHER MEGAH, PT | AS13: D526102035 | AT13: PT SANNIN BROTHER MEGAH BEKASI UTARA | AU13: TRUE | AV13: TRUE | AW13: DSEIN038 | AX13: 1-170588695616 | AY13: PT-BEKASI TENGAHDSEIN038 | AZ13: PT-BEKASI TENGAH1-170588695616 | BA13: TRUE | BB13: TRUE | BE13: 0
A14: BEKASI | B14: MC-BEKASI UTARA | C14: PT-BEKASI UTARA | D14: D42609204 | E14: 1-28824058447 | F14: CSOBKST-06 | G14: CSOBKST-063ID | H14: CSOBKST-06 | I14: CSOBKST-063ID | J14: ACTIVE | K14: ACTIVE | P14: STAFFINC | Q14: Ada | R14: TRUE | S14: TRUE | T14: TRUE | U14: FALSE | V14: FALSE | W14: TRUE | X14: TRUE | Y14: FALSE | Z14: FALSE | AB14: AAN KOSSUNJAMINARA | AD14: AAN KOSSUNJAMINARA | AE14: AAN KOSSUNJAMINARA | AF14: FALSE | AG14: Kp Rawa Bambu Rt 003/16 Kel Harapan Jaya Kec Bekasi Utara No.0 Rtrw.0 Kel.- Kec.- | AH14: 3.2750322e+15 | AI14: PRIA | AJ14: CSO | AK14: 8568810881 | AL14: 6280086422487 | AM14: ankoss2209@gmail.com | AO14: BKS_BU_18 | AP14: Nama tidak sesuai | AQ14: D42609204 | AR14: SANNIN BROTHER MEGAH, PT | AS14: 1-28824058447 | AT14: PT SANNIN BROTHER MEGAH BEKASI UTARA | AU14: TRUE | AV14: TRUE | AW14: CSOBKST-06 | AX14: CSOBKST-063ID | AY14: PT-BEKASI UTARACSOBKST-06 | AZ14: PT-BEKASI UTARACSOBKST-063ID | BA14: TRUE | BB14: TRUE | BE14: 0
A15: BEKASI | B15: MC-BEKASI UTARA | C15: PT-BEKASI UTARA | D15: D42609204 | E15: 1-28824058447 | F15: CSOBKST-09 | G15: CSOBKST-093ID | H15: CSOBKST-09 | I15: CSOBKST-093ID | J15: ACTIVE | K15: ACTIVE | P15: STAFFINC | Q15: Ada | R15: TRUE | S15: TRUE | T15: TRUE | U15: FALSE | V15: FALSE | W15: TRUE | X15: TRUE | Y15: FALSE | Z15: FALSE | AB15: MOHAMMAD SLAMET | AD15: MOHAMMAD SLAMET | AE15: MOHAMMAD SLAMET | AF15: FALSE | AG15: Desa Karanganyar Rt. 001/005 Kel Karanganyar Kec Pagerbarang No.0 Rtrw.0 Kel.- Kec.- | AH15: 3.3280517e+15 | AI15: PRIA | AJ15: CSO | AK15: 85717040506 | AL15: 6280086422488 | AM15: slametmuhamad927@gmail.com | AO15: BKS_BU_23 | AP15: Nama tidak sesuai | AQ15: D42609204 | AR15: SANNIN BROTHER MEGAH, PT | AS15: 1-28824058447 | AT15: PT SANNIN BROTHER MEGAH BEKASI UTARA | AU15: TRUE | AV15: TRUE | AW15: CSOBKST-09 | AX15: CSOBKST-093ID | AY15: PT-BEKASI UTARACSOBKST-09 | AZ15: PT-BEKASI UTARACSOBKST-093ID | BA15: TRUE | BB15: TRUE | BE15: 0
A16: BEKASI | B16: MC-BEKASI UTARA | C16: PT-BEKASI UTARA | D16: D42609204 | E16: 1-28824058447 | F16: CSOBKST-10 | G16: CSOBKST-103ID | H16: CSOBKST-10 | I16: CSOBKST-103ID | J16: ACTIVE | K16: ACTIVE | P16: STAFFINC | Q16: Ada | R16: TRUE | S16: TRUE | T16: TRUE | U16: FALSE | V16: FALSE | W16: TRUE | X16: TRUE | Y16: FALSE | Z16: FALSE | AB16: MUHAMMAD DEDI SAPUTRA | AD16: MUHAMMAD DEDI SAPUTRA | AE16: MUHAMMAD DEDI SAPUTRA | AF16: FALSE | AG16: Rawa Silam 1 Rt. 008/006 Kel. Kaliabang Tengah Kec Bekasi Utara No.0 Rtrw.0 Kel.- Kec.- | AH16: 3.2750325e+15 | AI16: PRIA | AJ16: CSO | AK16: 85717185678 | AL16: 6280086422483 | AM16: dedysahputra45@gmail.com | AO16: BKS_BU_24 | AP16: Nama tidak sesuai | AQ16: D42609204 | AR16: SANNIN BROTHER MEGAH, PT | AS16: 1-28824058447 | AT16: PT SANNIN BROTHER MEGAH BEKASI UTARA | AU16: TRUE | AV16: TRUE | AW16: CSOBKST-10 | AX16: CSOBKST-103ID | AY16: PT-BEKASI UTARACSOBKST-10 | AZ16: PT-BEKASI UTARACSOBKST-103ID | BA16: TRUE | BB16: TRUE | BE16: 0
A17: BEKASI | B17: MC-BEKASI UTARA | C17: PT-BEKASI UTARA | D17: D42609204 | E17: 1-28824058447 | F17: DSEIN030 | G17: 1-28825212058 | H17: DSEIN030 | I17: 1-28825212058 | J17: ACTIVE | K17: ACTIVE | P17: STAFFINC | Q17: Tidak Ada | R17: TRUE | S17: TRUE | T17: TRUE | U17: FALSE | V17: FALSE | W17: TRUE | X17: TRUE | Y17: FALSE | Z17: FALSE | AB17: PARMAN | AD17: PARMAN | AE17: PARMAN | AG17: jl kh muchtar thabrani rt04/02 no61 margamulya bekasi utara | AH17: 3.215061e+15 | AI17: PRIA | AL17: 6289602778054 | AO17: BKS_BU_22 | AQ17: D42609204 | AR17: SANNIN BROTHER MEGAH, PT | AS17: 1-28824058447 | AT17: PT SANNIN BROTHER MEGAH BEKASI UTARA | AU17: TRUE | AV17: TRUE | AW17: DSEIN030 | AX17: 1-28825212058 | AY17: PT-BEKASI UTARADSEIN030 | AZ17: PT-BEKASI UTARA1-28825212058 | BA17: TRUE | BB17: TRUE | BE17: 0
A18: BEKASI | B18: MC-BEKASI UTARA | C18: PT-BEKASI UTARA | D18: D42609204 | E18: 1-28824058447 | F18: DSEIN040 | G18: 1-28825212056 | H18: DSEIN040 | I18: 1-28825212056 | J18: ACTIVE | K18: ACTIVE | P18: STAFFINC | Q18: Tidak Ada | R18: TRUE | S18: TRUE | T18: TRUE | U18: FALSE | V18: FALSE | W18: TRUE | X18: TRUE | Y18: FALSE | Z18: FALSE | AB18: YOSEP MARTIN | AD18: YOSEP MARTIN | AE18: YOSEP MARTIN | AG18: villa gading harapan3 jl.elang1 blok E1 no.03 | AH18: 3.5180814e+15 | AI18: PRIA | AL18: 6289602778053 | AO18: BKS_BU_19 | AQ18: D42609204 | AR18: SANNIN BROTHER MEGAH, PT | AS18: 1-28824058447 | AT18: PT SANNIN BROTHER MEGAH BEKASI UTARA | AU18: TRUE | AV18: TRUE | AW18: DSEIN040 | AX18: 1-28825212056 | AY18: PT-BEKASI UTARADSEIN040 | AZ18: PT-BEKASI UTARA1-28825212056 | BA18: TRUE | BB18: TRUE | BE18: 0
A19: BEKASI | B19: MC-BEKASI UTARA | C19: PT-BEKASI UTARA | D19: D42609204 | E19: 1-28824058447 | F19: DSEIN041 | G19: 1-135596392079 | H19: DSEIN041 | I19: 1-135596392079 | J19: ACTIVE | K19: ACTIVE | P19: STAFFINC | Q19: Tidak Ada | R19: TRUE | S19: TRUE | T19: TRUE | U19: FALSE | V19: FALSE | W19: TRUE | X19: TRUE | Y19: FALSE | Z19: FALSE | AB19: MUHAMMAD IQBAL | AG19: kp rawa kalong rt 004 rw 003 tambun utara | AH19: 3.2750205e+15 | AI19: PRIA | AJ19: CSO | AL19: 0 | AO19: BKS_BU_20 | AQ19: D42609204 | AR19: SANNIN BROTHER MEGAH, PT | AS19: 1-28824058447 | AT19: PT SANNIN BROTHER MEGAH BEKASI UTARA | AU19: TRUE | AV19: TRUE | AW19: DSEIN041 | AX19: 1-135596392079 | AY19: PT-BEKASI UTARADSEIN041 | AZ19: PT-BEKASI UTARA1-135596392079 | BA19: TRUE | BB19: TRUE | BE19: 0
A20: BEKASI | B20: MC-MUSTIKA JAYA | C20: PT-MUSTIKA JAYA | D20: D426102088 | E20: D526102096 | F20: CSOBKSB-02 | G20: CSOBKSB-023ID | H20: CSOBKSB-02 | I20: CSOBKSB-023ID | J20: ACTIVE | K20: ACTIVE | P20: STAFFINC | Q20: Ada | R20: TRUE | S20: TRUE | T20: TRUE | U20: FALSE | V20: FALSE | W20: TRUE | X20: TRUE | Y20: FALSE | Z20: FALSE | AB20: ALFIAN FARDIANSYAH | AD20: ALFIAN FARDIANSYAH | AE20: ALFIAN FARDIANSYAH | AF20: FALSE | AG20: kp.cikunir rt 005/ rw 001 jakamulya Bekasi Selatan | AH20: 3.2011319e+15 | AI20: PRIA | AJ20: CSO | AK20: 85777510051 | AL20: 62857177749007 | AM20: alfian.fardiansyah89@gmail.com | AO20: BKS_BS_10 | AP20: Nama tidak sesuai | AQ20: D426102088 | AR20: DISTRIBUSI VOUCHER NUSANTARA, PT | AS20: D526102096 | AT20: PT DISTRIBUSI VOUCHER NUSANTARA BEKASI SELATAN | AU20: TRUE | AV20: TRUE | AW20: CSOBKSB-02 | AX20: CSOBKSB-023ID | AY20: PT-MUSTIKA JAYACSOBKSB-02 | AZ20: PT-MUSTIKA JAYACSOBKSB-023ID | BA20: TRUE | BB20: TRUE | BE20: 0
A21: BEKASI | B21: MC-MUSTIKA JAYA | C21: PT-MUSTIKA JAYA | D21: D426102088 | E21: D526102096 | F21: CSOBKSS-04 | G21: CSOBKSS-043ID | H21: CSOBKSS-04 | I21: CSOBKSS-043ID | J21: ACTIVE | K21: ACTIVE | P21: STAFFINC | Q21: Tidak Ada | R21: TRUE | S21: TRUE | T21: TRUE | U21: FALSE | V21: FALSE | W21: TRUE | X21: TRUE | Y21: FALSE | Z21: FALSE | AB21: MUKTIARTO | AD21: MUKTIARTO | AE21: MUKTIARTO | AG21: jl setia 4 no 43 RT 006/012 Jatiwaringin pondok gede | AH21: 3.2750816e+15 | AI21: PRIA | AL21: 6280086422484 | AO21: BKS_BS_12 | AQ21: D426102088 | AR21: DISTRIBUSI VOUCHER NUSANTARA, PT | AS21: D526102096 | AT21: PT DISTRIBUSI VOUCHER NUSANTARA BEKASI SELATAN | AU21: TRUE | AV21: TRUE | AW21: CSOBKSS-04 | AX21: CSOBKSS-043ID | AY21: PT-MUSTIKA JAYACSOBKSS-04 | AZ21: PT-MUSTIKA JAYACSOBKSS-043ID | BA21: TRUE | BB21: TRUE | BE21: 0
A22: BEKASI | B22: MC-MUSTIKA JAYA | C22: PT-MUSTIKA JAYA | D22: D426102088 | E22: D526102096 | F22: CSOBKSS-05 | G22: CSOBKSS-053ID | H22: CSOBKSS-05 | I22: CSOBKSS-053ID | J22: ACTIVE | K22: ACTIVE | P22: STAFFINC | Q22: Ada | R22: TRUE | S22: TRUE | T22: TRUE | U22: FALSE | V22: FALSE | W22: TRUE | X22: TRUE | Y22: FALSE | Z22: FALSE | AB22: TOFIK HIDAYAT | AD22: TOFIK HIDAYAT | AE22: TOFIK HIDAYAT | AF22: FALSE | AG22: Jl Sejahtera Rt 004 Rw 003 Kel Jatiwaringin Kec Pondokgede No.0 Rtrw.0 Kel.- Kec.- | AH22: 3.2750826e+15 | AI22: PRIA | AJ22: CSO | AK22: 85711177778 | AL22: 62857111777787 | AM22: topiko78@gmail.com | AO22: BKS_BS_11 | AP22: Nama tidak sesuai | AQ22: D426102088 | AR22: DISTRIBUSI VOUCHER NUSANTARA, PT | AS22: D526102096 | AT22: PT DISTRIBUSI VOUCHER NUSANTARA BEKASI SELATAN | AU22: TRUE | AV22: TRUE | AW22: CSOBKSS-05 | AX22: CSOBKSS-053ID | AY22: PT-MUSTIKA JAYACSOBKSS-05 | AZ22: PT-MUSTIKA JAYACSOBKSS-053ID | BA22: TRUE | BB22: TRUE | BE22: 0
A23: BEKASI | B23: MC-MUSTIKA JAYA | C23: PT-MUSTIKA JAYA | D23: D426102088 | E23: D526102096 | F23: CSOBKSS-12 | G23: CSOBKSS-123ID | H23: CSOBKSS-12 | I23: CSOBKSS-123ID | J23: ACTIVE | K23: ACTIVE | P23: STAFFINC | Q23: Ada | R23: TRUE | S23: TRUE | T23: TRUE | U23: FALSE | V23: FALSE | W23: TRUE | X23: TRUE | Y23: FALSE | Z23: FALSE | AB23: TOMMY SAIFUL ATNAN | AD23: TOMMY SAIFUL ATNAN | AE23: TOMMY SAIFUL ATNAN | AF23: FALSE | AG23: Kel Makasar No 7 Rt 006 Rw 002 Kel Makasar Kec Makasar No.0 Rtrw.0 Kel.- Kec.- | AH23: 3.1750815e+15 | AI23: PRIA | AJ23: CSO | AK23: 85711116669 | AL23: 62857111166697 | AM23: tommy.gembul16@gmail.com | AO23: BKS_BS_5 | AP23: Nama tidak sesuai | AQ23: D426102088 | AR23: DISTRIBUSI VOUCHER NUSANTARA, PT | AS23: D526102096 | AT23: PT DISTRIBUSI VOUCHER NUSANTARA BEKASI SELATAN | AU23: TRUE | AV23: TRUE | AW23: CSOBKSS-12 | AX23: CSOBKSS-123ID | AY23: PT-MUSTIKA JAYACSOBKSS-12 | AZ23: PT-MUSTIKA JAYACSOBKSS-123ID | BA23: TRUE | BB23: TRUE | BE23: 0
A24: BEKASI | B24: MC-MUSTIKA JAYA | C24: PT-MUSTIKA JAYA | D24: D426102088 | E24: D526102096 | F24: CSOBKST-11 | G24: CSOBKST-113ID | H24: CSOBKST-11 | I24: CSOBKST-113ID | J24: ACTIVE | K24: ACTIVE | P24: STAFFINC | Q24: Ada | R24: TRUE | S24: TRUE | T24: TRUE | U24: FALSE | V24: FALSE | W24: TRUE | X24: TRUE | Y24: FALSE | Z24: FALSE | AB24: SYAIPUL BAHRI | AD24: SYAIPUL BAHRI | AE24: SYAIPUL BAHRI | AF24: FALSE | AG24: Kp. Kebantenan Rt. 002/012 Kel Jatiasih Kec Jatiasih No.0 Rtrw.0 Kel.- Kec.- | AH24: 3.2750911e+15 | AI24: PRIA | AJ24: CSO | AK24: 85770070006 | AL24: 6285770070006 | AM24: syaipulabian163@gmail.com | AO24: BKS_BS_8 | AP24: Nama tidak sesuai | AQ24: D426102088 | AR24: DISTRIBUSI VOUCHER NUSANTARA, PT | AS24: D526102096 | AT24: PT DISTRIBUSI VOUCHER NUSANTARA BEKASI SELATAN | AU24: TRUE | AV24: TRUE | AW24: CSOBKST-11 | AX24: CSOBKST-113ID | AY24: PT-MUSTIKA JAYACSOBKST-11 | AZ24: PT-MUSTIKA JAYACSOBKST-113ID | BA24: TRUE | BB24: TRUE | BE24: 0
A25: BEKASI | B25: MC-MUSTIKA JAYA | C25: PT-MUSTIKA JAYA | D25: D426102088 | E25: D526102096 | F25: DSEIN002 | G25: 1-28825212088 | H25: DSEIN002 | I25: 1-28825212088 | J25: ACTIVE | K25: ACTIVE | P25: STAFFINC | Q25: Tidak Ada | R25: TRUE | S25: TRUE | T25: TRUE | U25: FALSE | V25: FALSE | W25: TRUE | X25: TRUE | Y25: FALSE | Z25: FALSE | AB25: ACHMAD ABDULAH | AD25: ACHMAD ABDULAH | AE25: ACHMAD ABDULAH | AG25: kp Cakung RT 02 RW 012 Kelurahan jatimekar kecamatan Jatiasih kota bekasi | AH25: 3.2750927e+15 | AI25: PRIA | AL25: 6289602778073 | AO25: BKS_BS_6 | AQ25: D426102088 | AR25: DISTRIBUSI VOUCHER NUSANTARA, PT | AS25: D526102096 | AT25: PT DISTRIBUSI VOUCHER NUSANTARA BEKASI SELATAN | AU25: TRUE | AV25: TRUE | AW25: DSEIN002 | AX25: 1-28825212088 | AY25: PT-MUSTIKA JAYADSEIN002 | AZ25: PT-MUSTIKA JAYA1-28825212088 | BA25: TRUE | BB25: TRUE | BE25: 0
A26: BEKASI | B26: MC-MUSTIKA JAYA | C26: PT-MUSTIKA JAYA | D26: D426102088 | E26: D526102096 | F26: DSEIN018 | G26: 1-136173742121 | H26: DSEIN018 | I26: 1-136173742121 | J26: ACTIVE | K26: ACTIVE | P26: STAFFINC | Q26: Ada | R26: TRUE | S26: TRUE | T26: TRUE | U26: FALSE | V26: FALSE | W26: TRUE | X26: TRUE | Y26: FALSE | Z26: FALSE | AB26: HERRY CHRISTIAN | AD26: HERRY CHRISTIAN | AE26: HERRY CHRISTIAN | AF26: FALSE | AG26: Kp.kebantenan gg.anugerah rt.05 rw.06 no.65 | AH26: 3.2750919e+15 | AI26: PRIA | AJ26: CSO | AK26: 8985560042 | AL26: 628985560042 | AM26: herry.christian4@gmail.com | AO26: BKS_BS_7 | AP26: Nama tidak sesuai | AQ26: D426102088 | AR26: DISTRIBUSI VOUCHER NUSANTARA, PT | AS26: D526102096 | AT26: PT DISTRIBUSI VOUCHER NUSANTARA BEKASI SELATAN | AU26: TRUE | AV26: TRUE | AW26: DSEIN018 | AX26: 1-136173742121 | AY26: PT-MUSTIKA JAYADSEIN018 | AZ26: PT-MUSTIKA JAYA1-136173742121 | BA26: TRUE | BB26: TRUE | BE26: 0
A27: BEKASI | B27: MC-MUSTIKA JAYA | C27: PT-MUSTIKA JAYA | D27: D426102088 | E27: D526102096 | F27: DSEIN028 | G27: 1-28825212100 | H27: DSEIN028 | I27: 1-28825212100 | J27: ACTIVE | K27: ACTIVE | P27: STAFFINC | Q27: Tidak Ada | R27: TRUE | S27: TRUE | T27: TRUE | U27: FALSE | V27: FALSE | W27: TRUE | X27: TRUE | Y27: FALSE | Z27: FALSE | AB27: MUHAMMAD ZULFIKAR | AD27: MUHAMMAD ZULFIKAR | AE27: MUHAMMAD ZULFIKAR | AG27: jl mushola arifiah RT 008/007 | AH27: 3.2750827e+15 | AI27: PRIA | AL27: 6289602778079 | AO27: BKS_BS_4 | AQ27: D426102088 | AR27: DISTRIBUSI VOUCHER NUSANTARA, PT | AS27: D526102096 | AT27: PT DISTRIBUSI VOUCHER NUSANTARA BEKASI SELATAN | AU27: TRUE | AV27: TRUE | AW27: DSEIN028 | AX27: 1-28825212100 | AY27: PT-MUSTIKA JAYADSEIN028 | AZ27: PT-MUSTIKA JAYA1-28825212100 | BA27: TRUE | BB27: TRUE | BE27: 0
A28: BEKASI | B28: MC-PONDOK GEDE | C28: PT-PONDOK GEDE | D28: D2023077 | E28: D52609208 | F28: CSOBKSB-04 | G28: CSOBKSB-043ID | H28: CSOBKSB-04 | I28: CSOBKSB-043ID | J28: ACTIVE | K28: ACTIVE | P28: STAFFINC | Q28: Tidak Ada | R28: TRUE | S28: TRUE | T28: TRUE | U28: FALSE | V28: FALSE | W28: TRUE | X28: TRUE | Y28: FALSE | Z28: FALSE | AB28: NURHAEDI | AD28: NURHAEDI | AE28: NURHAEDI | AG28: Jl. Kp. Cikunir, RT/RW.002/008, No.29, Kel. Jatikramat, Kec. Jatiasih 17421 | AH28: 3.2011708e+15 | AI28: PRIA | AL28: 628166333327 | AO28: BKS_PG_26 | AQ28: D2023077 | AR28: DISTRIBUSI VOUCHER NUSANTARA, PT | AS28: D52609208 | AT28: PT DISTRIBUSI VOUCHER NUSANTARA PONDOK GEDE | AU28: TRUE | AV28: TRUE | AW28: CSOBKSB-04 | AX28: CSOBKSB-043ID | AY28: PT-PONDOK GEDECSOBKSB-04 | AZ28: PT-PONDOK GEDECSOBKSB-043ID | BA28: TRUE | BB28: TRUE | BE28: 0
A29: BEKASI | B29: MC-PONDOK GEDE | C29: PT-PONDOK GEDE | D29: D2023077 | E29: D52609208 | F29: CSOBKSB-08 | G29: CSOBKSB-083ID | H29: CSOBKSB-08 | I29: CSOBKSB-083ID | J29: ACTIVE | K29: ACTIVE | P29: STAFFINC | Q29: Tidak Ada | R29: TRUE | S29: TRUE | T29: TRUE | U29: FALSE | V29: FALSE | W29: TRUE | X29: TRUE | Y29: FALSE | Z29: FALSE | AB29: SUSANTO | AD29: SUSANTO | AE29: SUSANTO | AG29: jl. pisang kepok lll FD3 NO.2 RT.002/RW.012 KEL.KOTA BARU KEC.BEKASI BARAT KOTA BEKASI | AH29: 3.2750816e+15 | AI29: PRIA | AL29: 628165671777 | AO29: BKS_PG_32 | AQ29: D2023077 | AR29: DISTRIBUSI VOUCHER NUSANTARA, PT | AS29: D52609208 | AT29: PT DISTRIBUSI VOUCHER NUSANTARA PONDOK GEDE | AU29: TRUE | AV29: TRUE | AW29: CSOBKSB-08 | AX29: CSOBKSB-083ID | AY29: PT-PONDOK GEDECSOBKSB-08 | AZ29: PT-PONDOK GEDECSOBKSB-083ID | BA29: TRUE | BB29: TRUE | BE29: 0
A30: BEKASI | B30: MC-PONDOK GEDE | C30: PT-PONDOK GEDE | D30: D2023077 | E30: D52609208 | F30: CSOBKSB-09 | G30: CSOBKSB-093ID | H30: CSOBKSB-09 | I30: CSOBKSB-093ID | J30: ACTIVE | K30: ACTIVE | P30: STAFFINC | Q30: Tidak Ada | R30: TRUE | S30: TRUE | T30: TRUE | U30: FALSE | V30: FALSE | W30: TRUE | X30: TRUE | Y30: FALSE | Z30: FALSE | AB30: HERMANSYAH | AD30: HERMANSYAH | AE30: HERMANSYAH | AG30: Jl. H. Ahyar, RW.5, Duren Sawit, Kec. Duren Sawit, Kota Jakarta Timur, Daerah Khusus Ibukota Jakarta 13440, Indonesia | AH30: 3.1750715e+15 | AI30: PRIA | AL30: 62858940940827 | AO30: BKS_PG_27 | AQ30: D2023077 | AR30: DISTRIBUSI VOUCHER NUSANTARA, PT | AS30: D52609208 | AT30: PT DISTRIBUSI VOUCHER NUSANTARA PONDOK GEDE | AU30: TRUE | AV30: TRUE | AW30: CSOBKSB-09 | AX30: CSOBKSB-093ID | AY30: PT-PONDOK GEDECSOBKSB-09 | AZ30: PT-PONDOK GEDECSOBKSB-093ID | BA30: TRUE | BB30: TRUE | BE30: 0
A31: BEKASI | B31: MC-PONDOK GEDE | C31: PT-PONDOK GEDE | D31: D2023077 | E31: D52609208 | F31: CSOBKSB-10 | G31: CSOBKSB-103ID | H31: CSOBKSB-10 | I31: CSOBKSB-103ID | J31: ACTIVE | K31: ACTIVE | P31: STAFFINC | Q31: Tidak Ada | R31: TRUE | S31: TRUE | T31: TRUE | U31: FALSE | V31: FALSE | W31: TRUE | X31: TRUE | Y31: FALSE | Z31: FALSE | AB31: MULYADI | AD31: MULYADI | AE31: MULYADI | AG31: jln. kp sumur klender rt. 006 rw. 017 no. 02 jakarta timur | AH31: 3.1750727e+15 | AI31: PRIA | AL31: 62857765555347 | AO31: BKS_PG_33 | AQ31: D2023077 | AR31: DISTRIBUSI VOUCHER NUSANTARA, PT | AS31: D52609208 | AT31: PT DISTRIBUSI VOUCHER NUSANTARA PONDOK GEDE | AU31: TRUE | AV31: TRUE | AW31: CSOBKSB-10 | AX31: CSOBKSB-103ID | AY31: PT-PONDOK GEDECSOBKSB-10 | AZ31: PT-PONDOK GEDECSOBKSB-103ID | BA31: TRUE | BB31: TRUE | BE31: 0
A32: BEKASI | B32: MC-PONDOK GEDE | C32: PT-PONDOK GEDE | D32: D2023077 | E32: D52609208 | F32: CSOBKSB-11 | G32: CSOBKSB-113ID | H32: CSOBKSB-11 | I32: CSOBKSB-113ID | J32: ACTIVE | K32: ACTIVE | P32: STAFFINC | Q32: Tidak Ada | R32: TRUE | S32: TRUE | T32: TRUE | U32: FALSE | V32: FALSE | W32: TRUE | X32: TRUE | Y32: FALSE | Z32: FALSE | AB32: AGUNG PURWOKO | AD32: AGUNG PURWOKO | AE32: AGUNG PURWOKO | AG32: jl.kramataris no.128 RT.07 RW 03 Setu ,cipayung | AH32: 3.1751009e+15 | AI32: PRIA | AL32: 62856970280217 | AO32: BKS_PG_31 | AQ32: D2023077 | AR32: DISTRIBUSI VOUCHER NUSANTARA, PT | AS32: D52609208 | AT32: PT DISTRIBUSI VOUCHER NUSANTARA PONDOK GEDE | AU32: TRUE | AV32: TRUE | AW32: CSOBKSB-11 | AX32: CSOBKSB-113ID | AY32: PT-PONDOK GEDECSOBKSB-11 | AZ32: PT-PONDOK GEDECSOBKSB-113ID | BA32: TRUE | BB32: TRUE | BE32: 0
A33: BEKASI | B33: MC-PONDOK GEDE | C33: PT-PONDOK GEDE | D33: D2023077 | E33: D52609208 | F33: CSOBKSB-16 | G33: CSOBKSB-163ID | H33: CSOBKSB-16 | I33: CSOBKSB-163ID | J33: ACTIVE | K33: ACTIVE | P33: STAFFINC | Q33: Tidak Ada | R33: TRUE | S33: TRUE | T33: TRUE | U33: FALSE | V33: FALSE | W33: TRUE | X33: TRUE | Y33: FALSE | Z33: FALSE | AB33: MUHAMMAD RIZALDI | AD33: MUHAMMAD RIZALDI | AE33: MUHAMMAD RIZALDI | AG33: jalan celepuk 1 rt 003 rw012, jatimakmur,pondok gede, bekasi | AH33: 3.2750821e+15 | AI33: PRIA | AL33: 62815746723287 | AO33: BKS_PG_25 | AQ33: D2023077 | AR33: DISTRIBUSI VOUCHER NUSANTARA, PT | AS33: D52609208 | AT33: PT DISTRIBUSI VOUCHER NUSANTARA PONDOK GEDE | AU33: TRUE | AV33: TRUE | AW33: CSOBKSB-16 | AX33: CSOBKSB-163ID | AY33: PT-PONDOK GEDECSOBKSB-16 | AZ33: PT-PONDOK GEDECSOBKSB-163ID | BA33: TRUE | BB33: TRUE | BE33: 0
A34: BEKASI | B34: MC-PONDOK GEDE | C34: PT-PONDOK GEDE | D34: D2023077 | E34: D52609208 | F34: DSEIN001 | G34: 1-136173742147 | H34: DSEIN001 | I34: 1-136173742147 | J34: ACTIVE | K34: ACTIVE | P34: STAFFINC | Q34: Ada | R34: TRUE | S34: TRUE | T34: TRUE | U34: FALSE | V34: FALSE | W34: TRUE | X34: TRUE | Y34: FALSE | Z34: FALSE | AB34: SANDY SAPUTRA | AD34: SANDY SAPUTRA | AF34: FALSE | AG34: Kp Pedurenan | AH34: 3.2750223e+15 | AI34: PRIA | AJ34: CSO | AK34: 8985560045 | AL34: 628985560045 | AM34: Saputrasandi2305@gamil.com | AO34: BKS_PG_30 | AP34: ID Tidak sesuai | AQ34: D2023077 | AR34: DISTRIBUSI VOUCHER NUSANTARA, PT | AS34: D52609208 | AT34: PT DISTRIBUSI VOUCHER NUSANTARA PONDOK GEDE | AU34: TRUE | AV34: TRUE | AW34: DSEIN001 | AX34: 1-136173742147 | AY34: PT-PONDOK GEDEDSEIN001 | AZ34: PT-PONDOK GEDE1-136173742147 | BA34: TRUE | BB34: TRUE | BE34: 0
AG35: Rt05
AG36: Rw011
AG37: Jatiluhur
AG38: Jatiasih
AG39: Bekasi kota
A40: BEKASI | B40: MC-PONDOK GEDE | C40: PT-PONDOK GEDE | D40: D2023077 | E40: D52609208 | F40: DSEIN004 | G40: 1-28825212094 | H40: DSEIN004 | I40: 1-28825212094 | J40: ACTIVE | K40: ACTIVE | P40: STAFFINC | Q40: Tidak Ada | R40: TRUE | S40: TRUE | T40: TRUE | U40: FALSE | V40: FALSE | W40: TRUE | X40: TRUE | Y40: FALSE | Z40: FALSE | AB40: ADNAN S BADRUN | AD40: ADNAN S BADRUN | AE40: ADNAN S BADRUN | AG40: Taman Cikunir Indah Blok C5 No.10 RT001/ RW011 Jakamulya Bekasi Selatan 17146 | AH40: 3.2750425e+15 | AI40: PRIA | AL40: 6289602778076 | AO40: BKS_PG_28 | AQ40: D2023077 | AR40: DISTRIBUSI VOUCHER NUSANTARA, PT | AS40: D52609208 | AT40: PT DISTRIBUSI VOUCHER NUSANTARA PONDOK GEDE | AU40: TRUE | AV40: TRUE | AW40: DSEIN004 | AX40: 1-28825212094 | AY40: PT-PONDOK GEDEDSEIN004 | AZ40: PT-PONDOK GEDE1-28825212094 | BA40: TRUE | BB40: TRUE | BE40: 0
A41: BEKASI | B41: MC-PONDOK GEDE | C41: PT-PONDOK GEDE | D41: D2023077 | E41: D52609208 | F41: DSEIN022 | G41: 1-28825212096 | H41: DSEIN022 | I41: 1-28825212096 | J41: ACTIVE | K41: ACTIVE | P41: STAFFINC | Q41: Ada | R41: TRUE | S41: TRUE | T41: TRUE | U41: FALSE | V41: FALSE | W41: TRUE | X41: TRUE | Y41: FALSE | Z41: FALSE | AB41: ZULFIKAR | AD41: Jefri indrawan (DSE Not Active) | AE41: ZULFIKAR | AF41: FALSE | AG41: Jl balai rakyat jakarta timur | AH41: 3.1750731e+15 | AI41: PRIA | AJ41: CSO | AK41: 89602778077 | AL41: 6289602778077 | AM41: 1718arzu@gmail.com | AO41: BKS_PG_34 | AP41: Nama tidak sesuai | AQ41: D2023077 | AR41: DISTRIBUSI VOUCHER NUSANTARA, PT | AS41: D52609208 | AT41: PT DISTRIBUSI VOUCHER NUSANTARA PONDOK GEDE | AU41: TRUE | AV41: TRUE | AW41: DSEIN022 | AX41: 1-28825212096 | AY41: PT-PONDOK GEDEDSEIN022 | AZ41: PT-PONDOK GEDE1-28825212096 | BA41: TRUE | BB41: TRUE | BE41: 0
A42: BEKASI | B42: MC-PONDOK GEDE | C42: PT-PONDOK GEDE | D42: D2023077 | E42: D52609208 | F42: DSEIN037 | G42: 1-28825212098 | H42: DSEIN037 | I42: 1-28825212098 | J42: ACTIVE | K42: ACTIVE | P42: STAFFINC | Q42: Tidak Ada | R42: TRUE | S42: TRUE | T42: TRUE | U42: FALSE | V42: FALSE | W42: TRUE | X42: TRUE | Y42: FALSE | Z42: FALSE | AB42: SAYADI MAHMUD | AD42: SAYADI MAHMUD | AE42: SAYADI MAHMUD | AG42: puri bukit hijau 16 no 20 rt 03 rw 05 kampung sawah | AH42: 3.3040206e+15 | AI42: PRIA | AL42: 6289602778078 | AO42: BKS_PG_29 | AQ42: D2023077 | AR42: DISTRIBUSI VOUCHER NUSANTARA, PT | AS42: D52609208 | AT42: PT DISTRIBUSI VOUCHER NUSANTARA PONDOK GEDE | AU42: TRUE | AV42: TRUE | AW42: DSEIN037 | AX42: 1-28825212098 | AY42: PT-PONDOK GEDEDSEIN037 | AZ42: PT-PONDOK GEDE1-28825212098 | BA42: TRUE | BB42: TRUE | BE42: 0
A43: CENTRAL NORTH JAKARTA | B43: MC-CEMPAKA PUTIH | C43: PT-CEMPAKA PUTIH | D43: D426102067 | E43: D526102074 | F43: 2613050977 | G43: 26130509773ID | H43: 2613050977 | I43: 26130509773ID | J43: ACTIVE | K43: ACTIVE | P43: PERMATA | Q43: Tidak Ada | R43: TRUE | S43: TRUE | T43: TRUE | U43: FALSE | V43: FALSE | W43: TRUE | X43: TRUE | Y43: FALSE | Z43: FALSE | AB43: EKI LIFYANTO | AG43: JALAN SUNTER GEDUNG RUBUH RT.010/RW.002 KOTA JAKARTA UTARA 14360 | AH43: 3.1720222e+15 | AI43: PRIA | AJ43: CSO | AL43: 6285771315013 | AO43: CNJ_JP_1 | AQ43: D426102067 | AR43: BUANA TELEKOMINDO, PT | AS43: D526102074 | AT43: PT BUANA TELEKOMINDO JCN PUSAT | AU43: TRUE | AV43: TRUE | AW43: 2613050977 | AX43: 26130509773ID | AY43: PT-CEMPAKA PUTIH2613050977 | AZ43: PT-CEMPAKA PUTIH26130509773ID | BA43: TRUE | BB43: TRUE | BE43: 0
A44: CENTRAL NORTH JAKARTA | B44: MC-CEMPAKA PUTIH | C44: PT-CEMPAKA PUTIH | D44: D426102067 | E44: D526102074 | F44: 2613052398 | G44: 26130523983ID | H44: 2613052398 | I44: 26130523983ID | J44: ACTIVE | K44: ACTIVE | P44: PERMATA | Q44: Tidak Ada | R44: TRUE | S44: TRUE | T44: TRUE | U44: FALSE | V44: FALSE | W44: TRUE | X44: TRUE | Y44: FALSE | Z44: FALSE | AB44: SANDRA | AG44: MERUYA UTARA RT 03/ RW 04 | AH44: 3.1730804e+15 | AI44: PRIA | AJ44: CSO | AL44: 6281511649202 | AO44: CNJ_JP_2 | AQ44: D426102067 | AR44: BUANA TELEKOMINDO, PT | AS44: D526102074 | AT44: PT BUANA TELEKOMINDO JCN PUSAT | AU44: TRUE | AV44: TRUE | AW44: 2613052398 | AX44: 26130523983ID | AY44: PT-CEMPAKA PUTIH2613052398 | AZ44: PT-CEMPAKA PUTIH26130523983ID | BA44: TRUE | BB44: TRUE | BE44: 0
A45: CENTRAL NORTH JAKARTA | B45: MC-CEMPAKA PUTIH | C45: PT-CEMPAKA PUTIH | D45: D426102067 | E45: D526102074 | F45: CSOBUANAJKP05 | G45: CSOBUANAJKP053ID | H45: CSOBUANAJKP05 | I45: CSOBUANAJKP053ID | J45: ACTIVE | K45: ACTIVE | P45: PERMATA | Q45: Tidak Ada | R45: TRUE | S45: TRUE | T45: TRUE | U45: FALSE | V45: FALSE | W45: TRUE | X45: TRUE | Y45: FALSE | Z45: FALSE | AB45: RIYANTO | AG45: JL.SUMUR BATU RT.008/RW.008 KOTA JAKARTA PUSAT 10640 | AH45: 3.1710319e+15 | AI45: PRIA | AJ45: CSO | AL45: 62857991691857 | AO45: CNJ_JP_6 | AQ45: D426102067 | AR45: BUANA TELEKOMINDO, PT | AS45: D526102074 | AT45: PT BUANA TELEKOMINDO JCN PUSAT | AU45: TRUE | AV45: TRUE | AW45: CSOBUANAJKP05 | AX45: CSOBUANAJKP053ID | AY45: PT-CEMPAKA PUTIHCSOBUANAJKP05 | AZ45: PT-CEMPAKA PUTIHCSOBUANAJKP053ID | BA45: TRUE | BB45: TRUE | BE45: 0
A46: CENTRAL NORTH JAKARTA | B46: MC-CEMPAKA PUTIH | C46: PT-CEMPAKA PUTIH | D46: D426102067 | E46: D526102074 | F46: CSOBUANAJKP07 | G46: CSOBUANAJKP073ID | H46: CSOBUANAJKP07 | I46: CSOBUANAJKP073ID | J46: ACTIVE | K46: ACTIVE | P46: PERMATA | Q46: Tidak Ada | R46: TRUE | S46: TRUE | T46: TRUE | U46: FALSE | V46: FALSE | W46: TRUE | X46: TRUE | Y46: FALSE | Z46: FALSE | AB46: DEDE SULAIMAN | AG46: DUSUN II RT.002/RW.002 KABUPATEN LAMPUNG TENGAH 34158 | AH46: 1.8022608e+15 | AI46: PRIA | AJ46: CSO | AL46: 62858606096957 | AO46: CNJ_JP_8 | AQ46: D426102067 | AR46: BUANA TELEKOMINDO, PT | AS46: D526102074 | AT46: PT BUANA TELEKOMINDO JCN PUSAT | AU46: TRUE | AV46: TRUE | AW46: CSOBUANAJKP07 | AX46: CSOBUANAJKP073ID | AY46: PT-CEMPAKA PUTIHCSOBUANAJKP07 | AZ46: PT-CEMPAKA PUTIHCSOBUANAJKP073ID | BA46: TRUE | BB46: TRUE | BE46: 0
A47: CENTRAL NORTH JAKARTA | B47: MC-CEMPAKA PUTIH | C47: PT-CEMPAKA PUTIH | D47: D426102067 | E47: D526102074 | F47: CSOBUANAJKP08 | G47: CSOBUANAJKP083ID | H47: CSOBUANAJKP08 | I47: CSOBUANAJKP083ID | J47: ACTIVE | K47: ACTIVE | P47: PERMATA | Q47: Tidak Ada | R47: TRUE | S47: TRUE | T47: TRUE | U47: FALSE | V47: FALSE | W47: TRUE | X47: TRUE | Y47: FALSE | Z47: FALSE | AB47: DJAMALUDIN HARYADI | AG47: KEMAYORAN TENGAH 3 RT.009/RW.007 KOTA JAKARTA PUSAT 10620 | AH47: 3.1710327e+15 | AI47: PRIA | AJ47: CSO | AL47: 62857773555597 | AO47: CNJ_JP_9 | AQ47: D426102067 | AR47: BUANA TELEKOMINDO, PT | AS47: D526102074 | AT47: PT BUANA TELEKOMINDO JCN PUSAT | AU47: TRUE | AV47: TRUE | AW47: CSOBUANAJKP08 | AX47: CSOBUANAJKP083ID | AY47: PT-CEMPAKA PUTIHCSOBUANAJKP08 | AZ47: PT-CEMPAKA PUTIHCSOBUANAJKP083ID | BA47: TRUE | BB47: TRUE | BE47: 0
A48: CENTRAL NORTH JAKARTA | B48: MC-CEMPAKA PUTIH | C48: PT-CEMPAKA PUTIH | D48: D426102067 | E48: D526102074 | F48: CSOBUANAJKP09 | G48: CSOBUANAJKP093ID | H48: CSOBUANAJKP09 | I48: CSOBUANAJKP093ID | J48: ACTIVE | K48: ACTIVE | P48: PERMATA | Q48: Tidak Ada | R48: TRUE | S48: TRUE | T48: TRUE | U48: FALSE | V48: FALSE | W48: TRUE | X48: TRUE | Y48: FALSE | Z48: FALSE | AB48: ASEP SUMANTRI | AG48: JL CIPINANG CEMPEDAK V NO 4 RT.008/RW.006 KOTA JAKARTA TIMUR 13340 | AH48: 3.1750311e+15 | AI48: PRIA | AJ48: CSO | AL48: 62858131344137 | AO48: CNJ_JP_10 | AQ48: D426102067 | AR48: BUANA TELEKOMINDO, PT | AS48: D526102074 | AT48: PT BUANA TELEKOMINDO JCN PUSAT | AU48: TRUE | AV48: TRUE | AW48: CSOBUANAJKP09 | AX48: CSOBUANAJKP093ID | AY48: PT-CEMPAKA PUTIHCSOBUANAJKP09 | AZ48: PT-CEMPAKA PUTIHCSOBUANAJKP093ID | BA48: TRUE | BB48: TRUE | BE48: 0
A49: CENTRAL NORTH JAKARTA | B49: MC-CEMPAKA PUTIH | C49: PT-CEMPAKA PUTIH | D49: D426102067 | E49: D526102074 | F49: CSOBUANAJKP11 | G49: CSOBUANAJKP113ID | H49: CSOBUANAJKP11 | I49: CSOBUANAJKP113ID | J49: ACTIVE | K49: ACTIVE | P49: PERMATA | Q49: Tidak Ada | R49: TRUE | S49: TRUE | T49: TRUE | U49: FALSE | V49: FALSE | W49: TRUE | X49: TRUE | Y49: FALSE | Z49: FALSE | AB49: ARIF HARDIANTORO | AG49: JL.SERDANG BARU NO.22A RT.004/RW.005 KOTA JAKARTA PUSAT 10650 | AH49: 3.3231802e+15 | AI49: PRIA | AJ49: CSO | AL49: 62858831083737 | AO49: CNJ_JP_11 | AQ49: D426102067 | AR49: BUANA TELEKOMINDO, PT | AS49: D526102074 | AT49: PT BUANA TELEKOMINDO JCN PUSAT | AU49: TRUE | AV49: TRUE | AW49: CSOBUANAJKP11 | AX49: CSOBUANAJKP113ID | AY49: PT-CEMPAKA PUTIHCSOBUANAJKP11 | AZ49: PT-CEMPAKA PUTIHCSOBUANAJKP113ID | BA49: TRUE | BB49: TRUE | BE49: 0
A50: CENTRAL NORTH JAKARTA | B50: MC-CEMPAKA PUTIH | C50: PT-CEMPAKA PUTIH | D50: D426102067 | E50: D526102074 | F50: CSOBUANAJKP12 | G50: CSOBUANAJKP123ID | H50: CSOBUANAJKP12 | I50: CSOBUANAJKP123ID | J50: ACTIVE | K50: ACTIVE | P50: PERMATA | Q50: Tidak Ada | R50: TRUE | S50: TRUE | T50: TRUE | U50: FALSE | V50: FALSE | W50: TRUE | X50: TRUE | Y50: FALSE | Z50: FALSE | AB50: ROHMAD WIDODO | AG50: JL.RAWA SELATAN RT.010/RW.007 KOTA JAKARTA PUSAT 10550 | AH50: 3.1710819e+15 | AI50: PRIA | AJ50: CSO | AL50: 62857765271617 | AO50: CNJ_JP_12 | AQ50: D426102067 | AR50: BUANA TELEKOMINDO, PT | AS50: D526102074 | AT50: PT BUANA TELEKOMINDO JCN PUSAT | AU50: TRUE | AV50: TRUE | AW50: CSOBUANAJKP12 | AX50: CSOBUANAJKP123ID | AY50: PT-CEMPAKA PUTIHCSOBUANAJKP12 | AZ50: PT-CEMPAKA PUTIHCSOBUANAJKP123ID | BA50: TRUE | BB50: TRUE | BE50: 0
A51: CENTRAL NORTH JAKARTA | B51: MC-CEMPAKA PUTIH | C51: PT-CEMPAKA PUTIH | D51: D426102067 | E51: D526102074 | F51: CSOBUANAJKP14 | G51: CSOBUANAJKP143ID | H51: CSOBUANAJKP14 | I51: CSOBUANAJKP143ID | J51: ACTIVE | K51: ACTIVE | P51: PERMATA | Q51: Tidak Ada | R51: TRUE | S51: TRUE | T51: TRUE | U51: FALSE | V51: FALSE | W51: TRUE | X51: TRUE | Y51: FALSE | Z51: FALSE | AB51: MAULANA SYAEFUL | AG51: JL JATINEGARA KAUM RT.03/RW.03 KOTA JAKARTA TIMUR 13250 | AH51: 3.175033e+15 | AI51: PRIA | AJ51: CSO | AL51: 62858909225157 | AO51: CNJ_JP_14 | AQ51: D426102067 | AR51: BUANA TELEKOMINDO, PT | AS51: D526102074 | AT51: PT BUANA TELEKOMINDO JCN PUSAT | AU51: TRUE | AV51: TRUE | AW51: CSOBUANAJKP14 | AX51: CSOBUANAJKP143ID | AY51: PT-CEMPAKA PUTIHCSOBUANAJKP14 | AZ51: PT-CEMPAKA PUTIHCSOBUANAJKP143ID | BA51: TRUE | BB51: TRUE | BE51: 0
A52: CENTRAL NORTH JAKARTA | B52: MC-KELAPA GADING | C52: PT-KELAPA GADING | D52: D3202501001 | E52: 1-163309552352 | F52: 2613050474 | G52: 26130504743ID | H52: 2613050474 | I52: 26130504743ID | J52: ACTIVE | K52: ACTIVE | P52: PERMATA | Q52: Tidak Ada | R52: TRUE | S52: TRUE | T52: TRUE | U52: FALSE | V52: FALSE | W52: TRUE | X52: TRUE | Y52: FALSE | Z52: FALSE | AB52: M. Alzikri | AG52: JL KAMPUNG PULO RT.014/RW.003 KOTA JAKARTA TIMUR 13320 | AH52: 3.1750303e+15 | AI52: PRIA | AJ52: CSO | AL52: 6285691354474 | AO52: CNJ_KG_15 | AQ52: D3202501001 | AR52: BUANA TELEKOMINDO, PT | AS52: 1-163309552352 | AT52: PT BUANA TELEKOMINDO JCN KELAPAGADING | AU52: TRUE | AV52: TRUE | AW52: 2613050474 | AX52: 26130504743ID | AY52: PT-KELAPA GADING2613050474 | AZ52: PT-KELAPA GADING26130504743ID | BA52: TRUE | BB52: TRUE | BE52: 0
A53: CENTRAL NORTH JAKARTA | B53: MC-KELAPA GADING | C53: PT-KELAPA GADING | D53: D3202501001 | E53: 1-163309552352 | F53: 2613051092 | G53: 26130510923ID | H53: 2613051092 | I53: 26130510923ID | J53: ACTIVE | K53: ACTIVE | P53: PERMATA | Q53: Tidak Ada | R53: TRUE | S53: TRUE | T53: TRUE | U53: FALSE | V53: FALSE | W53: TRUE | X53: TRUE | Y53: FALSE | Z53: FALSE | AB53: YAHYA MUHAIMIN | AG53: JL. TIPAR CAKUNG RT.005/RW.005 KOTA JAKARTA UTARA 14130 | AH53: 3.1720421e+15 | AI53: PRIA | AJ53: CSO | AL53: 6285781257152 | AO53: CNJ_KG_16 | AQ53: D3202501001 | AR53: BUANA TELEKOMINDO, PT | AS53: 1-163309552352 | AT53: PT BUANA TELEKOMINDO JCN KELAPAGADING | AU53: TRUE | AV53: TRUE | AW53: 2613051092 | AX53: 26130510923ID | AY53: PT-KELAPA GADING2613051092 | AZ53: PT-KELAPA GADING26130510923ID | BA53: TRUE | BB53: TRUE | BE53: Failed, re-create by Circle
A54: CENTRAL NORTH JAKARTA | B54: MC-KELAPA GADING | C54: PT-KELAPA GADING | D54: D3202501001 | E54: 1-163309552352 | F54: 2613051872 | G54: 26130518723ID | H54: 2613051872 | I54: 26130518723ID | J54: ACTIVE | K54: ACTIVE | P54: PERMATA | Q54: Tidak Ada | R54: TRUE | S54: TRUE | T54: TRUE | U54: FALSE | V54: FALSE | W54: TRUE | X54: TRUE | Y54: FALSE | Z54: FALSE | AB54: MOH IQBAL | AG54: JL TELUK PUCUNG RT001 RW002 KELURAHAN TELUK PUCUNG KE, BEKASI UTARA | AH54: 3.2750318e+15 | AI54: PRIA | AJ54: CSO | AL54: 6285888855077 | AO54: CNJ_KG_19 | AP54: Tidak ada ID maupun nama DSE | AQ54: D3202501001 | AR54: BUANA TELEKOMINDO, PT | AS54: 1-163309552352 | AT54: PT BUANA TELEKOMINDO JCN KELAPAGADING | AU54: TRUE | AV54: TRUE | AW54: 2613051872 | AX54: 26130518723ID | AY54: PT-KELAPA GADING2613051872 | AZ54: PT-KELAPA GADING26130518723ID | BA54: TRUE | BB54: TRUE | BE54: 0
A55: CENTRAL NORTH JAKARTA | B55: MC-KELAPA GADING | C55: PT-KELAPA GADING | D55: D3202501001 | E55: 1-163309552352 | F55: DSEBUANAJKU03 | G55: DSEBUANAJKU033ID | H55: DSEBUANAJKU03 | I55: DSEBUANAJKU033ID | J55: ACTIVE | K55: ACTIVE | P55: PERMATA | Q55: Tidak Ada | R55: TRUE | S55: TRUE | T55: TRUE | U55: FALSE | V55: FALSE | W55: TRUE | X55: TRUE | Y55: FALSE | Z55: FALSE | AB55: Faisal Fachruddin P | AG55: JL. MAWAR MERAH III/8/17 RT.007/RW.012 KOTA JAKARTA TIMUR 13460 | AH55: 3.1750703e+15 | AI55: PRIA | AJ55: CSO | AL55: 6285692700649 | AO55: CNJ_KG_20 | AQ55: D3202501001 | AR55: BUANA TELEKOMINDO, PT | AS55: 1-163309552352 | AT55: PT BUANA TELEKOMINDO JCN KELAPAGADING | AU55: TRUE | AV55: TRUE | AW55: DSEBUANAJKU03 | AX55: DSEBUANAJKU033ID | AY55: PT-KELAPA GADINGDSEBUANAJKU03 | AZ55: PT-KELAPA GADINGDSEBUANAJKU033ID | BA55: TRUE | BB55: TRUE | BE55: 0
A56: CENTRAL NORTH JAKARTA | B56: MC-KELAPA GADING | C56: PT-KELAPA GADING | D56: D3202501001 | E56: 1-163309552352 | F56: DSEBUANAJKU04 | G56: DSEBUANAJKU043ID | H56: DSEBUANAJKU04 | I56: DSEBUANAJKU043ID | J56: ACTIVE | K56: ACTIVE | P56: PERMATA | Q56: Tidak Ada | R56: TRUE | S56: TRUE | T56: TRUE | U56: FALSE | V56: FALSE | W56: TRUE | X56: TRUE | Y56: FALSE | Z56: FALSE | AB56: UMAR HADIKUSUMA | AG56: GG. TELAGA MURNI IV NO 49 RT.024/RW.01 KOTA JAKARTA UTARA 14350 | AH56: 3.1720202e+15 | AI56: PRIA | AJ56: CSO | AL56: 6285692700656 | AO56: CNJ_KG_21 | AQ56: D3202501001 | AR56: BUANA TELEKOMINDO, PT | AS56: 1-163309552352 | AT56: PT BUANA TELEKOMINDO JCN KELAPAGADING | AU56: TRUE | AV56: TRUE | AW56: DSEBUANAJKU04 | AX56: DSEBUANAJKU043ID | AY56: PT-KELAPA GADINGDSEBUANAJKU04 | AZ56: PT-KELAPA GADINGDSEBUANAJKU043ID | BA56: TRUE | BB56: TRUE | BE56: 0
A57: CENTRAL NORTH JAKARTA | B57: MC-KELAPA GADING | C57: PT-KELAPA GADING | D57: D3202501001 | E57: 1-163309552352 | F57: DSEBUANAJKU05 | G57: DSEBUANAJKU053ID | H57: DSEBUANAJKU05 | I57: DSEBUANAJKU053ID | J57: ACTIVE | K57: ACTIVE | P57: PERMATA | Q57: Tidak Ada | R57: TRUE | S57: TRUE | T57: TRUE | U57: FALSE | V57: FALSE | W57: TRUE | X57: TRUE | Y57: FALSE | Z57: FALSE | AB57: SUBIARTO | AG57: JL KALIBARU BARAT IV NO 12 A RT.04/RW.07 KOTA JAKARTA UTARA 14110 | AH57: 3.1720408e+15 | AI57: PRIA | AJ57: CSO | AL57: 6285692700657 | AO57: CNJ_KG_22 | AQ57: D3202501001 | AR57: BUANA TELEKOMINDO, PT | AS57: 1-163309552352 | AT57: PT BUANA TELEKOMINDO JCN KELAPAGADING | AU57: TRUE | AV57: TRUE | AW57: DSEBUANAJKU05 | AX57: DSEBUANAJKU053ID | AY57: PT-KELAPA GADINGDSEBUANAJKU05 | AZ57: PT-KELAPA GADINGDSEBUANAJKU053ID | BA57: TRUE | BB57: TRUE | BE57: 0
A58: CENTRAL NORTH JAKARTA | B58: MC-KELAPA GADING | C58: PT-KELAPA GADING | D58: D3202501001 | E58: 1-163309552352 | F58: DSEBUANAJKU08 | G58: DSEBUANAJKU083ID | H58: DSEBUANAJKU08 | I58: DSEBUANAJKU083ID | J58: ACTIVE | K58: ACTIVE | P58: PERMATA | Q58: Tidak Ada | R58: TRUE | S58: TRUE | T58: TRUE | U58: FALSE | V58: FALSE | W58: TRUE | X58: TRUE | Y58: FALSE | Z58: FALSE | AB58: Ariefarta Jayadi | AG58: JLN CILINCING LAMA 1 RT.009/RW.04 KOTA JAKARTA UTARA 14120 | AH58: 3.1720415e+15 | AI58: PRIA | AJ58: CSO | AL58: 6285692700662 | AO58: CNJ_KG_25 | AQ58: D3202501001 | AR58: BUANA TELEKOMINDO, PT | AS58: 1-163309552352 | AT58: PT BUANA TELEKOMINDO JCN KELAPAGADING | AU58: TRUE | AV58: TRUE | AW58: DSEBUANAJKU08 | AX58: DSEBUANAJKU083ID | AY58: PT-KELAPA GADINGDSEBUANAJKU08 | AZ58: PT-KELAPA GADINGDSEBUANAJKU083ID | BA58: TRUE | BB58: TRUE | BE58: 0
A59: CENTRAL NORTH JAKARTA | B59: MC-PADEMANGAN | C59: PT-PADEMANGAN | D59: D426102089 | E59: D526102097 | F59: 2613050954 | G59: 26130509543ID | H59: 2613050954 | I59: 26130509543ID | J59: ACTIVE | K59: ACTIVE | P59: PERMATA | Q59: Tidak Ada | R59: TRUE | S59: TRUE | T59: TRUE | U59: FALSE | V59: FALSE | W59: TRUE | X59: TRUE | Y59: FALSE | Z59: FALSE | AB59: SYARIFAH WANDA KHADIJAH ALKAFF | AG59: BALAI PUSTAKA BARU NO 16B RT.004/RW.015 KOTA JAKARTA TIMUR 13220 | AH59: 3.1750253e+15 | AI59: WANITA | AJ59: CSO | AL59: 6285839976830 | AO59: CNJ_TP_27 | AQ59: D426102089 | AR59: BUANA TELEKOMINDO, PT | AS59: D526102097 | AT59: PT BUANA TELEKOMINDO JCN TANJUNGPRIOK | AU59: TRUE | AV59: TRUE | AW59: 2613050954 | AX59: 26130509543ID | AY59: PT-PADEMANGAN2613050954 | AZ59: PT-PADEMANGAN26130509543ID | BA59: TRUE | BB59: TRUE | BE59: 0
A60: CENTRAL NORTH JAKARTA | B60: MC-PADEMANGAN | C60: PT-PADEMANGAN | D60: D426102089 | E60: D526102097 | F60: CSOSDP2023036 | G60: CSOSDP20230363ID | H60: CSOSDP2023036 | I60: CSOSDP20230363ID | J60: ACTIVE | K60: PENDING ACTIVE | P60: PERMATA | Q60: Tidak Ada | R60: TRUE | S60: TRUE | T60: FALSE | U60: FALSE | V60: FALSE | W60: TRUE | X60: FALSE | Y60: FALSE | Z60: FALSE | AB60: ABDUL GAFUR | AG60: PULAU TIDUNG RT.001/RW.001 KABUPATEN KEPULAUAN SERIBU 14520 | AH60: 3.1010208e+15 | AI60: PRIA | AJ60: CSO | AL60: 6285716260216 | AO60: CNJ_TP_28 | AQ60: D426102089 | AR60: BUANA TELEKOMINDO, PT | AS60: D526102097 | AT60: PT BUANA TELEKOMINDO JCN TANJUNGPRIOK | AU60: TRUE | AV60: TRUE | AW60: CSOSDP2023036 | AX60: CSOSDP20230363ID | AY60: PT-PADEMANGANCSOSDP2023036 | AZ60: PT-PADEMANGANCSOSDP20230363ID | BA60: TRUE | BB60: TRUE | BE60: 0
A61: CENTRAL NORTH JAKARTA | B61: MC-PADEMANGAN | C61: PT-PADEMANGAN | D61: D426102089 | E61: D526102097 | F61: DSEBUANAJKU11R | G61: DSEBUANAJKU11R3ID | H61: DSEIN118 | I61: DSEIN1183ID | J61: ACTIVE | K61: ACTIVE | P61: PERMATA | Q61: Tidak Ada | R61: TRUE | S61: TRUE | T61: TRUE | U61: FALSE | V61: FALSE | W61: TRUE | X61: TRUE | Y61: FALSE | Z61: FALSE | AB61: CIPPY HENDRA LESMANA | AG61: BANGSAL RT.004/RW.004 KABUPATEN NGAWI 63214 | AH61: 3.1720103e+15 | AI61: PRIA | AJ61: CSO | AL61: 6285692700664 | AO61: CNJ_TP_30 | AQ61: D426102089 | AR61: BUANA TELEKOMINDO, PT | AS61: D526102097 | AT61: PT BUANA TELEKOMINDO JCN TANJUNGPRIOK | AU61: TRUE | AV61: TRUE | AW61: DSEBUANAJKU11R | AX61: DSEBUANAJKU11R3ID | AY61: PT-PADEMANGANDSEBUANAJKU11R | AZ61: PT-PADEMANGANDSEBUANAJKU11R3ID | BA61: TRUE | BB61: TRUE | BE61: 0
A62: CENTRAL NORTH JAKARTA | B62: MC-PADEMANGAN | C62: PT-PADEMANGAN | D62: D426102089 | E62: D526102097 | F62: DSEBUANAJKU14R | G62: DSEBUANAJKU14R3ID | H62: DSEBUANAJKU14R | I62: DSEJKU14R3ID | J62: ACTIVE | K62: PENDING ACTIVE | P62: PERMATA | Q62: Tidak Ada | R62: TRUE | S62: TRUE | T62: FALSE | U62: FALSE | V62: FALSE | W62: TRUE | X62: FALSE | Y62: FALSE | Z62: FALSE | AB62: MUHAMMAD FARWIS | AG62: JL.H HASAN RT.013/RW.008 KOTA JAKARTA TIMUR 13950 | AH62: 3.1750626e+15 | AI62: PRIA | AJ62: CSO | AL62: 6285714888807 | AO62: CNJ_TP_32 | AQ62: D426102089 | AR62: BUANA TELEKOMINDO, PT | AS62: D526102097 | AT62: PT BUANA TELEKOMINDO JCN TANJUNGPRIOK | AU62: TRUE | AV62: TRUE | AW62: DSEBUANAJKU14R | AX62: DSEBUANAJKU14R3ID | AY62: PT-PADEMANGANDSEBUANAJKU14R | AZ62: PT-PADEMANGANDSEBUANAJKU14R3ID | BA62: TRUE | BB62: TRUE | BE62: 0
A63: CENTRAL NORTH JAKARTA | B63: MC-PADEMANGAN | C63: PT-PADEMANGAN | D63: D426102089 | E63: D526102097 | F63: DSEBUANAJKU16R | G63: DSEBUANAJKU16R3ID | H63: DSEBUANAJKU16R | I63: DSEJKU16R3ID | J63: ACTIVE | K63: PENDING ACTIVE | P63: PERMATA | Q63: Tidak Ada | R63: TRUE | S63: TRUE | T63: FALSE | U63: FALSE | V63: FALSE | W63: TRUE | X63: FALSE | Y63: FALSE | Z63: FALSE | AB63: SAMSIDIN | AG63: TELUKGONG RT.005/RW.008 KOTA JAKARTA UTARA 14450 | AH63: 3.1720104e+15 | AI63: PRIA | AJ63: CSO | AL63: 6285692700676 | AO63: CNJ_TP_33 | AQ63: D426102089 | AR63: BUANA TELEKOMINDO, PT | AS63: D526102097 | AT63: PT BUANA TELEKOMINDO JCN TANJUNGPRIOK | AU63: TRUE | AV63: TRUE | AW63: DSEBUANAJKU16R | AX63: DSEBUANAJKU16R3ID | AY63: PT-PADEMANGANDSEBUANAJKU16R | AZ63: PT-PADEMANGANDSEBUANAJKU16R3ID | BA63: TRUE | BB63: TRUE | BE63: 0
A64: CENTRAL NORTH JAKARTA | B64: MC-PADEMANGAN | C64: PT-PADEMANGAN | D64: D426102089 | E64: D526102097 | F64: DSEBUANAJKU17R | G64: DSEBUANAJKU17R3ID | H64: DSEBUANAJKU17R | I64: DSEJKU17R3ID | J64: ACTIVE | K64: PENDING ACTIVE | P64: PERMATA | Q64: Tidak Ada | R64: TRUE | S64: TRUE | T64: FALSE | U64: FALSE | V64: FALSE | W64: TRUE | X64: FALSE | Y64: FALSE | Z64: FALSE | AB64: USMAN | AG64: JL.H.NASIH RT.014/RW.003 KOTA JAKARTA TIMUR 13760 | AH64: 3.175053e+15 | AI64: PRIA | AJ64: CSO | AL64: 6285692700680 | AO64: CNJ_TP_34 | AQ64: D426102089 | AR64: BUANA TELEKOMINDO, PT | AS64: D526102097 | AT64: PT BUANA TELEKOMINDO JCN TANJUNGPRIOK | AU64: TRUE | AV64: TRUE | AW64: DSEBUANAJKU17R | AX64: DSEBUANAJKU17R3ID | AY64: PT-PADEMANGANDSEBUANAJKU17R | AZ64: PT-PADEMANGANDSEBUANAJKU17R3ID | BA64: TRUE | BB64: TRUE | BE64: 0
A65: CENTRAL NORTH JAKARTA | B65: MC-PADEMANGAN | C65: PT-PADEMANGAN | D65: D426102089 | E65: D526102097 | F65: DSEBUANAJKU18R | G65: DSEBUANAJKU18R3ID | H65: DSEBUANAJKU18R | I65: DSEJKU18R3ID | J65: ACTIVE | K65: PENDING ACTIVE | P65: PERMATA | Q65: Tidak Ada | R65: TRUE | S65: TRUE | T65: FALSE | U65: FALSE | V65: FALSE | W65: TRUE | X65: FALSE | Y65: FALSE | Z65: FALSE | AB65: YANDI LESMANA | AG65: JL. ANGSANA NO. 42 RT.011/RW.002 KOTA JAKARTA PUSAT 10410 | AH65: 3.1710122e+15 | AI65: PRIA | AJ65: CSO | AL65: 6285692700683 | AO65: CNJ_TP_35 | AQ65: D426102089 | AR65: BUANA TELEKOMINDO, PT | AS65: D526102097 | AT65: PT BUANA TELEKOMINDO JCN TANJUNGPRIOK | AU65: TRUE | AV65: TRUE | AW65: DSEBUANAJKU18R | AX65: DSEBUANAJKU18R3ID | AY65: PT-PADEMANGANDSEBUANAJKU18R | AZ65: PT-PADEMANGANDSEBUANAJKU18R3ID | BA65: TRUE | BB65: TRUE | BE65: 0
A66: CENTRAL NORTH JAKARTA | B66: MC-PADEMANGAN | C66: PT-PADEMANGAN | D66: D426102089 | E66: D526102097 | F66: DSEBUANAJKU20R | G66: DSEBUANAJKU20R3ID | H66: DSEBUANAJKU20R | I66: DSEJKU20R3ID | J66: ACTIVE | K66: PENDING ACTIVE | P66: PERMATA | Q66: Tidak Ada | R66: TRUE | S66: TRUE | T66: FALSE | U66: FALSE | V66: FALSE | W66: TRUE | X66: FALSE | Y66: FALSE | Z66: FALSE | AB66: AGUSTINUS | AG66: JALAN CIKIJANG V NO 36 RT.008/RW.011 KOTA JAKARTA UTARA 14230 | AH66: 3.1720318e+15 | AI66: PRIA | AJ66: CSO | AL66: 6285718256704 | AO66: CNJ_TP_37 | AQ66: D426102089 | AR66: BUANA TELEKOMINDO, PT | AS66: D526102097 | AT66: PT BUANA TELEKOMINDO JCN TANJUNGPRIOK | AU66: TRUE | AV66: TRUE | AW66: DSEBUANAJKU20R | AX66: DSEBUANAJKU20R3ID | AY66: PT-PADEMANGANDSEBUANAJKU20R | AZ66: PT-PADEMANGANDSEBUANAJKU20R3ID | BA66: TRUE | BB66: TRUE | BE66: 0
A67: CENTRAL NORTH JAKARTA | B67: MC-TANAH ABANG | C67: PT-TANAH ABANG | D67: D426102029 | E67: D526102041 | F67: CSOBUANAJKP01 | G67: CSOBUANAJKP013ID | H67: CSOBUANAJKP01 | I67: CSOBUANAJKP013ID | J67: ACTIVE | K67: ACTIVE | P67: PERMATA | Q67: Tidak Ada | R67: TRUE | S67: TRUE | T67: TRUE | U67: FALSE | V67: FALSE | W67: TRUE | X67: TRUE | Y67: FALSE | Z67: FALSE | AB67: BAHARUDIN | AG67: JL. MENTENG JAYA NO 5 RT.015/RW.009 KOTA JAKARTA PUSAT 10310 | AH67: 3.1710625e+15 | AI67: PRIA | AJ67: CSO | AL67: 62857163999997 | AO67: CNJ_JP_3 | AQ67: D426102029 | AR67: BUANA TELEKOMINDO, PT | AS67: D526102041 | AT67: PT BUANA TELEKOMINDO JCN PUSAT | AU67: TRUE | AV67: TRUE | AW67: CSOBUANAJKP01 | AX67: CSOBUANAJKP013ID | AY67: PT-TANAH ABANGCSOBUANAJKP01 | AZ67: PT-TANAH ABANGCSOBUANAJKP013ID | BA67: TRUE | BB67: TRUE | BE67: 0
A68: CENTRAL NORTH JAKARTA | B68: MC-TANAH ABANG | C68: PT-TANAH ABANG | D68: D426102029 | E68: D526102041 | F68: CSOBUANAJKP02 | G68: CSOBUANAJKP023ID | H68: CSOBUANAJKP02 | I68: CSOBUANAJKP023ID | J68: aCTIVE | K68: ACTIVE | P68: PERMATA | Q68: Tidak Ada | R68: TRUE | S68: TRUE | T68: TRUE | U68: FALSE | V68: FALSE | W68: TRUE | X68: TRUE | Y68: FALSE | Z68: FALSE | AB68: YUDI HARTONO | AG68: KP RAWA SAWAH RT.009/RW.002 KOTA JAKARTA PUSAT 10550 | AH68: 3.1710803e+15 | AI68: PRIA | AJ68: CSO | AL68: 6285619745127 | AO68: CNJ_JP_4 | AQ68: D426102029 | AR68: BUANA TELEKOMINDO, PT | AS68: D526102041 | AT68: PT BUANA TELEKOMINDO JCN PUSAT | AU68: TRUE | AV68: TRUE | AW68: CSOBUANAJKP02 | AX68: CSOBUANAJKP023ID | AY68: PT-TANAH ABANGCSOBUANAJKP02 | AZ68: PT-TANAH ABANGCSOBUANAJKP023ID | BA68: TRUE | BB68: TRUE | BE68: 0
A69: CENTRAL NORTH JAKARTA | B69: MC-TANAH ABANG | C69: PT-TANAH ABANG | D69: D426102029 | E69: D526102041 | F69: CSOBUANAJKP03 | G69: CSOBUANAJKP033ID | H69: CSOBUANAJKP03 | I69: CSOBUANAJKP033ID | J69: ACTIVE | K69: ACTIVE | P69: PERMATA | Q69: Tidak Ada | R69: TRUE | S69: TRUE | T69: TRUE | U69: FALSE | V69: FALSE | W69: TRUE | X69: TRUE | Y69: FALSE | Z69: FALSE | AB69: Muhammad Rizki | AG69: PESING GADOG RT.010/RW.007 KOTA JAKARTA BARAT 11520 | AH69: 3.1730509e+15 | AI69: PRIA | AJ69: CSO | AL69: 62858899994847 | AO69: CNJ_JP_5 | AQ69: D426102029 | AR69: BUANA TELEKOMINDO, PT | AS69: D526102041 | AT69: PT BUANA TELEKOMINDO JCN PUSAT | AU69: TRUE | AV69: TRUE | AW69: CSOBUANAJKP03 | AX69: CSOBUANAJKP033ID | AY69: PT-TANAH ABANGCSOBUANAJKP03 | AZ69: PT-TANAH ABANGCSOBUANAJKP033ID | BA69: TRUE | BB69: TRUE | BE69: 0
A70: CENTRAL NORTH JAKARTA | B70: MC-TANAH ABANG | C70: PT-TANAH ABANG | D70: D426102029 | E70: D526102041 | F70: CSOBUANAJKP06 | G70: CSOBUANAJKP063ID | H70: CSOBUANAJKP06 | I70: CSOBUANAJKP063ID | J70: ACTIVE | K70: ACTIVE | P70: PERMATA | Q70: Tidak Ada | R70: TRUE | S70: TRUE | T70: TRUE | U70: FALSE | V70: FALSE | W70: TRUE | X70: TRUE | Y70: FALSE | Z70: FALSE | AB70: IDRIS MAULANA | AG70: DUSUN KUNINGAN | AH70: 1.8011023e+15 | AI70: PRIA | AJ70: CSO | AL70: 62856943338887 | AO70: CNJ_JP_7 | AQ70: D426102029 | AR70: BUANA TELEKOMINDO, PT | AS70: D526102041 | AT70: PT BUANA TELEKOMINDO JCN PUSAT | AU70: TRUE | AV70: TRUE | AW70: CSOBUANAJKP06 | AX70: CSOBUANAJKP063ID | AY70: PT-TANAH ABANGCSOBUANAJKP06 | AZ70: PT-TANAH ABANGCSOBUANAJKP063ID | BA70: TRUE | BB70: TRUE | BE70: 0
AG71: RT.001/RW.008 KABUPATEN LAMPUNG SELATAN 35594
A72: CENTRAL NORTH JAKARTA | B72: MC-TANAH ABANG | C72: PT-TANAH ABANG | D72: D426102029 | E72: D526102041 | F72: CSOBUANAJKP13 | G72: CSOBUANAJKP133ID | H72: CSOBUANAJKP13 | I72: CSOBUANAJKP133ID | J72: ACTIVE | K72: ACTIVE | P72: PERMATA | Q72: Tidak Ada | R72: TRUE | S72: TRUE | T72: TRUE | U72: FALSE | V72: FALSE | W72: TRUE | X72: TRUE | Y72: FALSE | Z72: FALSE | AB72: RIKY ADE GUNAWAN | AG72: GG SUBUR NO.42 RT.002/RW.001 KOTA TANGERANG 15154 | AH72: 3.1750718e+15 | AI72: PRIA | AJ72: CSO | AL72: 62857173737307 | AO72: CNJ_JP_13 | AQ72: D426102029 | AR72: BUANA TELEKOMINDO, PT | AS72: D526102041 | AT72: PT BUANA TELEKOMINDO JCN PUSAT | AU72: TRUE | AV72: TRUE | AW72: CSOBUANAJKP13 | AX72: CSOBUANAJKP133ID | AY72: PT-TANAH ABANGCSOBUANAJKP13 | AZ72: PT-TANAH ABANGCSOBUANAJKP133ID | BA72: TRUE | BB72: TRUE | BE72: 0
A73: CENTRAL NORTH JAKARTA | B73: MC-TANJUNG PRIOK | C73: PT-TANJUNG PRIOK | D73: D3202501002 | E73: 1-163320592961 | F73: 2613051093 | G73: 26130510933ID | H73: 2613051093 | I73: 26130510933ID | J73: ACTIVE | K73: ACTIVE | P73: PERMATA | Q73: Tidak Ada | R73: TRUE | S73: TRUE | T73: TRUE | U73: FALSE | V73: FALSE | W73: TRUE | X73: TRUE | Y73: FALSE | Z73: FALSE | AB73: Herry Apriyanto | AG73: JL.KALIBARU TIMUR IX RT.006/RW.014 KOTA JAKARTA UTARA 14110 | AH73: 3.1720406e+15 | AI73: PRIA | AJ73: CSO | AL73: 62857301257151 | AO73: CNJ_KG_17 | AQ73: D3202501002 | AR73: BUANA TELEKOMINDO, PT | AS73: 1-163320592961 | AT73: PT BUANA TELEKOMINDO JCN KELAPAGADING | AU73: TRUE | AV73: TRUE | AW73: 2613051093 | AX73: 26130510933ID | AY73: PT-TANJUNG PRIOK2613051093 | AZ73: PT-TANJUNG PRIOK26130510933ID | BA73: TRUE | BB73: TRUE | BE73: 0
A74: CENTRAL NORTH JAKARTA | B74: MC-TANJUNG PRIOK | C74: PT-TANJUNG PRIOK | D74: D3202501002 | E74: 1-163320592961 | F74: 2613051413 | G74: 26130514133ID | H74: 2613051413 | I74: 26130514133ID | J74: ACTIVE | K74: ACTIVE | P74: PERMATA | Q74: Tidak Ada | R74: TRUE | S74: TRUE | T74: TRUE | U74: FALSE | V74: FALSE | W74: TRUE | X74: TRUE | Y74: FALSE | Z74: FALSE | AB74: Ade Muhidin | AG74: KMP.BAHARI 4 NO13 RT.002/RW.009 KOTA JAKARTA UTARA 14310 | AH74: 3.1720211e+15 | AI74: PRIA | AJ74: CSO | AL74: 6285882783924 | AO74: CNJ_KG_18 | AQ74: D3202501002 | AR74: BUANA TELEKOMINDO, PT | AS74: 1-163320592961 | AT74: PT BUANA TELEKOMINDO JCN KELAPAGADING | AU74: TRUE | AV74: TRUE | AW74: 2613051413 | AX74: 26130514133ID | AY74: PT-TANJUNG PRIOK2613051413 | AZ74: PT-TANJUNG PRIOK26130514133ID | BA74: TRUE | BB74: TRUE | BE74: 0
A75: CENTRAL NORTH JAKARTA | B75: MC-TANJUNG PRIOK | C75: PT-TANJUNG PRIOK | D75: D3202501002 | E75: 1-163320592961 | F75: 2613052473 | G75: 26130524733ID | H75: 2613052473 | I75: 26130524733ID | J75: ACTIVE | K75: ACTIVE | P75: PERMATA | Q75: Tidak Ada | R75: TRUE | S75: TRUE | T75: TRUE | U75: FALSE | V75: FALSE | W75: TRUE | X75: TRUE | Y75: FALSE | Z75: FALSE | AB75: MUHAMAD AMARUDIN | AG75: PERUM GRAMA PURI PERSADA BLOK F9.NO26 RT.004/RW.007 KABUPATEN BEKASI 17530 | AH75: 3.1720228e+15 | AI75: PRIA | AJ75: CSO | AL75: 6285778144448 | AO75: CNJ_TP_26 | AQ75: D3202501002 | AR75: BUANA TELEKOMINDO, PT | AS75: 1-163320592961 | AT75: PT BUANA TELEKOMINDO JCN KELAPAGADING | AU75: TRUE | AV75: TRUE | AW75: 2613052473 | AX75: 26130524733ID | AY75: PT-TANJUNG PRIOK2613052473 | AZ75: PT-TANJUNG PRIOK26130524733ID | BA75: TRUE | BB75: TRUE | BE75: 0
A76: CENTRAL NORTH JAKARTA | B76: MC-TANJUNG PRIOK | C76: PT-TANJUNG PRIOK | D76: D3202501002 | E76: 1-163320592961 | F76: DSEBUANAJKU06 | G76: DSEBUANAJKU063ID | H76: DSEBUANAJKU06 | I76: DSEBUANAJKU063ID | J76: ACTIVE | K76: ACTIVE | P76: PERMATA | Q76: Tidak Ada | R76: TRUE | S76: TRUE | T76: TRUE | U76: FALSE | V76: FALSE | W76: TRUE | X76: TRUE | Y76: FALSE | Z76: FALSE | AB76: MOCHAMAD RIDWAN | AG76: JL. BENDUNGAN MELAYU NO. 17 RT.001/RW.002 KOTA JAKARTA UTARA 143230 | AH76: 3.1720204e+15 | AI76: PRIA | AJ76: CSO | AL76: 62856815404 | AO76: CNJ_KG_23 | AQ76: D3202501002 | AR76: BUANA TELEKOMINDO, PT | AS76: 1-163320592961 | AT76: PT BUANA TELEKOMINDO JCN KELAPAGADING | AU76: TRUE | AV76: TRUE | AW76: DSEBUANAJKU06 | AX76: DSEBUANAJKU063ID | AY76: PT-TANJUNG PRIOKDSEBUANAJKU06 | AZ76: PT-TANJUNG PRIOKDSEBUANAJKU063ID | BA76: TRUE | BB76: TRUE | BE76: 0
A77: CENTRAL NORTH JAKARTA | B77: MC-TANJUNG PRIOK | C77: PT-TANJUNG PRIOK | D77: D3202501002 | E77: 1-163320592961 | F77: DSEBUANAJKU07 | G77: DSEBUANAJKU073ID | H77: DSEBUANAJKU07 | I77: DSEBUANAJKU073ID | J77: ACTIVE | K77: ACTIVE | P77: PERMATA | Q77: Tidak Ada | R77: TRUE | S77: TRUE | T77: TRUE | U77: FALSE | V77: FALSE | W77: TRUE | X77: TRUE | Y77: FALSE | Z77: FALSE | AB77: DWINANDA ARISTANTO | AG77: JL.UTAN PANJANG III RT.001/RW.006 KOTA JAKARTA PUSAT 10650 | AH77: 3.171032e+15 | AI77: PRIA | AJ77: CSO | AL77: 6285692700661 | AO77: CNJ_KG_24 | AQ77: D3202501002 | AR77: BUANA TELEKOMINDO, PT | AS77: 1-163320592961 | AT77: PT BUANA TELEKOMINDO JCN KELAPAGADING | AU77: TRUE | AV77: TRUE | AW77: DSEBUANAJKU07 | AX77: DSEBUANAJKU073ID | AY77: PT-TANJUNG PRIOKDSEBUANAJKU07 | AZ77: PT-TANJUNG PRIOKDSEBUANAJKU073ID | BA77: TRUE | BB77: TRUE | BE77: 0
A78: CENTRAL NORTH JAKARTA | B78: MC-TANJUNG PRIOK | C78: PT-TANJUNG PRIOK | D78: D3202501002 | E78: 1-163320592961 | F78: DSEBUANAJKU10R | G78: DSEBUANAJKU10R3ID | H78: DSEBUANAJKU10R | I78: 2613051030 | J78: ACTIVE | K78: ACTIVE | L78: DSEBUANAJKU10R | M78: 2613051030 | N78: ACTIVE | O78: ACTIVE | P78: PERMATA | Q78: Tidak Ada | R78: TRUE | S78: TRUE | T78: TRUE | U78: FALSE | V78: FALSE | W78: TRUE | X78: TRUE | Y78: FALSE | Z78: FALSE | AB78: AGUS KURNIA BUDYONO | AG78: JL BANGAU IV RT.008/RW.008 KOTA JAKARTA PUSAT 10610 | AH78: 3.1710324e+15 | AI78: PRIA | AJ78: CSO | AL78: 6285692700647 | AO78: CNJ_TP_29 | AQ78: D3202501002 | AR78: BUANA TELEKOMINDO, PT | AS78: 1-163320592961 | AT78: PT BUANA TELEKOMINDO JCN KELAPAGADING | AU78: TRUE | AV78: TRUE | AW78: DSEBUANAJKU10R | AX78: DSEBUANAJKU10R3ID | AY78: PT-TANJUNG PRIOKDSEBUANAJKU10R | AZ78: PT-TANJUNG PRIOKDSEBUANAJKU10R3ID | BA78: TRUE | BB78: TRUE | BE78: 0
A79: CENTRAL NORTH JAKARTA | B79: MC-TANJUNG PRIOK | C79: PT-TANJUNG PRIOK | D79: D3202501002 | E79: 1-163320592961 | F79: DSEBUANAJKU13R | G79: DSEBUANAJKU13R3ID | H79: DSEBUANAJKU13R | I79: 2613051013 | J79: ACTIVE | K79: ACTIVE | L79: DSEBUANAJKU13R | M79: 2613051013 | N79: ACTIVE | O79: ACTIVE | P79: PERMATA | Q79: Tidak Ada | R79: TRUE | S79: TRUE | T79: TRUE | U79: FALSE | V79: FALSE | W79: TRUE | X79: TRUE | Y79: FALSE | Z79: FALSE | AB79: MOH IMAM YUSKY | AG79: PULOSARI RT.005/RW.003 KABUPATEN BREBES 52212 | AH79: 3.3290913e+15 | AI79: PRIA | AJ79: CSO | AL79: 6285692700667 | AO79: CNJ_TP_31 | AQ79: D3202501002 | AR79: BUANA TELEKOMINDO, PT | AS79: 1-163320592961 | AT79: PT BUANA TELEKOMINDO JCN KELAPAGADING | AU79: TRUE | AV79: TRUE | AW79: DSEBUANAJKU13R | AX79: DSEBUANAJKU13R3ID | AY79: PT-TANJUNG PRIOKDSEBUANAJKU13R | AZ79: PT-TANJUNG PRIOKDSEBUANAJKU13R3ID | BA79: TRUE | BB79: TRUE | BE79: 0
A80: CENTRAL NORTH JAKARTA | B80: MC-TANJUNG PRIOK | C80: PT-TANJUNG PRIOK | D80: D3202501002 | E80: 1-163320592961 | F80: DSEBUANAJKU19R | G80: DSEBUANAJKU19R3ID | H80: DSEBUANAJKU19R | I80: DSEJKU19R3ID | J80: ACTIVE | K80: ACTIVE | P80: PERMATA | Q80: Tidak Ada | R80: TRUE | S80: TRUE | T80: FALSE | U80: FALSE | V80: FALSE | W80: TRUE | X80: FALSE | Y80: FALSE | Z80: FALSE | AA80: Feedback by SA Active | AB80: YUSUP ARDIANSYAH | AG80: JL. RAWA TENGAH NO. 8 RT.008/RW.004 KOTA JAKARTA PUSAT 10530 | AH80: 3.1710507e+15 | AI80: PRIA | AJ80: CSO | AL80: 6285692700686 | AO80: CNJ_TP_36 | AQ80: D3202501002 | AR80: BUANA TELEKOMINDO, PT | AS80: 1-163320592961 | AT80: PT BUANA TELEKOMINDO JCN KELAPAGADING | AU80: TRUE | AV80: TRUE | AW80: DSEBUANAJKU19R | AX80: DSEBUANAJKU19R3ID | AY80: PT-TANJUNG PRIOKDSEBUANAJKU19R | AZ80: PT-TANJUNG PRIOKDSEBUANAJKU19R3ID | BA80: TRUE | BB80: TRUE | BE80: 0
A81: SOUTH JAKARTA DEPOK | B81: MC-BEJI | C81: PT-BEJI | D81: D426102066 | E81: D526102073 | F81: 2613052261 | G81: 26130522613ID | H81: 2613052261 | I81: 26130522613ID | J81: ACTIVE | K81: ACTIVE | P81: PERMATA | Q81: Tidak Ada | R81: TRUE | S81: TRUE | T81: TRUE | U81: TRUE | V81: TRUE | W81: TRUE | X81: TRUE | Y81: FALSE | Z81: FALSE | AB81: Laraswati Indah Anggraeni | AD81: Laraswati Indah Anggraeni | AE81: Laraswati Indah Anggraeni | AF81: FALSE | AG81: JL. Raya Lapangan Tembak RT 02/RW 02 Kel. Cibubur, Jakarta Timur | AH81: 3.3081945e+15 | AI81: WANITA | AJ81: CSO | AL81: 62895634937759 | AO81: DPK_DB_2 | AP81: ID DSE tidak sesuai | AQ81: D426102066 | AR81: TRIMINDO JAYA MANDIRI, PT | AS81: D526102073 | AT81: PT TRIMINDO JAYA MANDIRI_DEPOK_SATU | AU81: TRUE | AV81: TRUE | AW81: 2613052261 | AX81: 26130522613ID | AY81: PT-BEJI2613052261 | AZ81: PT-BEJI26130522613ID | BA81: TRUE | BB81: TRUE | BE81: 0
A82: SOUTH JAKARTA DEPOK | B82: MC-BEJI | C82: PT-BEJI | D82: D426102066 | E82: D526102073 | F82: CSO-LOKADPK02 | G82: CSO-LOKADPK023ID | H82: CSO-LOKADPK02 | I82: CSO-LOKADPK023ID | J82: ACTIVE | K82: ACTIVE | P82: PERMATA | Q82: Tidak Ada | R82: TRUE | S82: TRUE | T82: TRUE | U82: TRUE | V82: TRUE | W82: TRUE | X82: TRUE | Y82: FALSE | Z82: FALSE | AB82: SURYADI DANU SAPUTRA | AG82: PERUM CIPTA GRAHA PERMAI BLOK H2 NO.1 RT.004/RW.002 KABUPATEN BOGOR 16913 | AH82: 3.1750126e+15 | AI82: PRIA | AJ82: CSO | AL82: 6280086422501 | AO82: DPK_DB_11 | AQ82: D426102066 | AR82: TRIMINDO JAYA MANDIRI, PT | AS82: D526102073 | AT82: PT TRIMINDO JAYA MANDIRI_DEPOK_SATU | AU82: TRUE | AV82: TRUE | AW82: CSO-LOKADPK02 | AX82: CSO-LOKADPK023ID | AY82: PT-BEJICSO-LOKADPK02 | AZ82: PT-BEJICSO-LOKADPK023ID | BA82: TRUE | BB82: TRUE | BE82: Failed, re-create by Circle
A83: SOUTH JAKARTA DEPOK | B83: MC-BEJI | C83: PT-BEJI | D83: D426102066 | E83: D526102073 | F83: CSO-LOKADPK09 | G83: CSO-LOKADPK093ID | H83: CSO-LOKADPK09 | I83: CSO-LOKADPK093ID | J83: ACTIVE | K83: ACTIVE | P83: PERMATA | Q83: Tidak Ada | R83: TRUE | S83: TRUE | T83: TRUE | U83: TRUE | V83: TRUE | W83: TRUE | X83: TRUE | Y83: FALSE | Z83: FALSE | AB83: SAIDINA HAMZAH | AG83: JLTOLEISKANDAR RT.01/RW.01 KOTA DEPOK 16412 | AH83: 3.2011304e+15 | AI83: PRIA | AJ83: CSO | AL83: 6285810001998 | AO83: DPK_DB_3 | AQ83: D426102066 | AR83: TRIMINDO JAYA MANDIRI, PT | AS83: D526102073 | AT83: PT TRIMINDO JAYA MANDIRI_DEPOK_SATU | AU83: TRUE | AV83: TRUE | AW83: CSO-LOKADPK09 | AX83: CSO-LOKADPK093ID | AY83: PT-BEJICSO-LOKADPK09 | AZ83: PT-BEJICSO-LOKADPK093ID | BA83: TRUE | BB83: TRUE | BE83: Failed, re-create by Circle
A84: SOUTH JAKARTA DEPOK | B84: MC-BEJI | C84: PT-BEJI | D84: D426102066 | E84: D526102073 | F84: DSEIN052 | G84: 1-186304119396 | H84: DSEIN052 | I84: 1-186304119396 | J84: ACTIVE | K84: ACTIVE | P84: PERMATA | Q84: Tidak Ada | R84: TRUE | S84: TRUE | T84: TRUE | U84: TRUE | V84: TRUE | W84: TRUE | X84: TRUE | Y84: FALSE | Z84: FALSE | AA84: Feedback by SA Active | AB84: MUHAMAD FIRDAUS | AG84: PADURENAN RT.001/RW.006 KABUPATEN BOGOR 16916 | AH84: 3.2010119e+15 | AI84: PRIA | AJ84: CSO | AL84: 6289507336727 | AO84: DPK_DB_10 | AQ84: D426102066 | AR84: TRIMINDO JAYA MANDIRI, PT | AS84: D526102073 | AT84: PT TRIMINDO JAYA MANDIRI_DEPOK_SATU | AU84: TRUE | AV84: TRUE | AW84: DSEIN052 | AX84: 1-186304119396 | AY84: PT-BEJIDSEIN052 | AZ84: PT-BEJI1-186304119396 | BA84: TRUE | BB84: TRUE | BE84: Failed, re-create by Circle
A85: SOUTH JAKARTA DEPOK | B85: MC-BEJI | C85: PT-BEJI | D85: D426102066 | E85: D526102073 | F85: DSEIN054 | G85: 1-186304893731 | H85: DSEIN054 | I85: 1-186304893731 | J85: ACTIVE | K85: ACTIVE | P85: PERMATA | Q85: Tidak Ada | R85: TRUE | S85: TRUE | T85: TRUE | U85: TRUE | V85: TRUE | W85: TRUE | X85: TRUE | Y85: FALSE | Z85: FALSE | AB85: FARIDA ARYANI | AG85: TANJUNG BARAT RT.005/RW.002 KOTA JAKARTA SELATAN 12610 | AH85: 3.175047e+15 | AI85: WANITA | AJ85: CSO | AL85: 6289507363417 | AO85: DPK_DB_9 | AQ85: D426102066 | AR85: TRIMINDO JAYA MANDIRI, PT | AS85: D526102073 | AT85: PT TRIMINDO JAYA MANDIRI_DEPOK_SATU | AU85: TRUE | AV85: TRUE | AW85: DSEIN054 | AX85: 1-186304893731 | AY85: PT-BEJIDSEIN054 | AZ85: PT-BEJI1-186304893731 | BA85: TRUE | BB85: TRUE | BE85: Failed, re-create by Circle
A86: SOUTH JAKARTA DEPOK | B86: MC-BEJI | C86: PT-BEJI | D86: D426102066 | E86: D526102073 | F86: DSEIN073 | G86: 1-28825211928 | H86: DSEIN073 | I86: 1-28825211928 | J86: ACTIVE | K86: ACTIVE | P86: PERMATA | Q86: Tidak Ada | R86: TRUE | S86: TRUE | T86: TRUE | U86: TRUE | V86: TRUE | W86: TRUE | X86: TRUE | Y86: FALSE | Z86: FALSE | AA86: Feedback by SA Active | AB86: ARIADNI | AG86: PERUMAHAN BUMI CAKRA BLOK C5 NO2 RT.003/RW.008 KABUPATEN BOGOR 16413 | AH86: 3.2010146e+15 | AI86: WANITA | AJ86: CSO | AL86: 6289602777875 | AO86: DPK_DB_4 | AQ86: D426102066 | AR86: TRIMINDO JAYA MANDIRI, PT | AS86: D526102073 | AT86: PT TRIMINDO JAYA MANDIRI_DEPOK_SATU | AU86: TRUE | AV86: TRUE | AW86: DSEIN073 | AX86: 1-28825211928 | AY86: PT-BEJIDSEIN073 | AZ86: PT-BEJI1-28825211928 | BA86: TRUE | BB86: TRUE | BE86: Failed, re-create by Circle
A87: SOUTH JAKARTA DEPOK | B87: MC-CIMANGGIS | C87: PT-CIMANGGIS | D87: D426102033 | E87: D526102079 | F87: CSO-LOKADPK06 | G87: CSO-LOKADPK063ID | H87: CSO-LOKADPK06 | I87: CSO-LOKADPK063ID | J87: ACTIVE | K87: ACTIVE | P87: PERMATA | Q87: Tidak Ada | R87: TRUE | S87: TRUE | T87: TRUE | U87: TRUE | V87: TRUE | W87: TRUE | X87: TRUE | Y87: FALSE | Z87: FALSE | AB87: ELA RUSDIAH | AG87: RATUJAYA RT.007/RW.005 KOTA DEPOK 16445 | AH87: 3.2760769e+15 | AI87: WANITA | AJ87: CSO | AL87: 6280086422505 | AO87: DPK_DT_14 | AQ87: D426102033 | AR87: LOKA KARSA INFORMASI, PT | AS87: D526102079 | AT87: PT LOKA KARSA INFORMASI_DEPOK_TIMUR | AU87: TRUE | AV87: TRUE | AW87: CSO-LOKADPK06 | AX87: CSO-LOKADPK063ID | AY87: PT-CIMANGGISCSO-LOKADPK06 | AZ87: PT-CIMANGGISCSO-LOKADPK063ID | BA87: TRUE | BB87: TRUE | BE87: 0
A88: SOUTH JAKARTA DEPOK | B88: MC-CIMANGGIS | C88: PT-CIMANGGIS | D88: D426102033 | E88: D526102079 | F88: CSO-LOKADPK17 | G88: CSO-LOKADPK173ID | H88: CSO-LOKADPK17 | I88: CSO-LOKADPK173ID | J88: ACTIVE | K88: ACTIVE | P88: PERMATA | Q88: Tidak Ada | R88: TRUE | S88: TRUE | T88: TRUE | U88: TRUE | V88: TRUE | W88: TRUE | X88: TRUE | Y88: FALSE | Z88: FALSE | AB88: RUDINI LAZUARDI | AG88: JLN SWADAYA 8 NO 29 RT.006/RW.012 KOTA DEPOK 16426 | AH88: 3.2760606e+15 | AI88: PRIA | AJ88: CSO | AL88: 6285717020316 | AO88: DPK_DT_21 | AQ88: D426102033 | AR88: LOKA KARSA INFORMASI, PT | AS88: D526102079 | AT88: PT LOKA KARSA INFORMASI_DEPOK_TIMUR | AU88: TRUE | AV88: TRUE | AW88: CSO-LOKADPK17 | AX88: CSO-LOKADPK173ID | AY88: PT-CIMANGGISCSO-LOKADPK17 | AZ88: PT-CIMANGGISCSO-LOKADPK173ID | BA88: TRUE | BB88: TRUE | BE88: Failed, re-create by Circle
A89: SOUTH JAKARTA DEPOK | B89: MC-CIMANGGIS | C89: PT-CIMANGGIS | D89: D426102033 | E89: D526102079 | F89: CSO-LOKADPK20 | G89: CSO-LOKADPK203ID | H89: CSO-LOKADPK20 | I89: CSO-LOKADPK203ID | J89: ACTIVE | K89: ACTIVE | P89: PERMATA | Q89: Tidak Ada | R89: TRUE | S89: TRUE | T89: TRUE | U89: TRUE | V89: TRUE | W89: TRUE | X89: TRUE | Y89: FALSE | Z89: FALSE | AB89: SYAEFUL BAHRI | AG89: JATIJAJAR RT.03/RW.01 KOTA DEPOK 16466 | AH89: 3.301102e+15 | AI89: PRIA | AJ89: CSO | AL89: 6285782385678 | AO89: DPK_DT_13 | AQ89: D426102033 | AR89: LOKA KARSA INFORMASI, PT | AS89: D526102079 | AT89: PT LOKA KARSA INFORMASI_DEPOK_TIMUR | AU89: TRUE | AV89: TRUE | AW89: CSO-LOKADPK20 | AX89: CSO-LOKADPK203ID | AY89: PT-CIMANGGISCSO-LOKADPK20 | AZ89: PT-CIMANGGISCSO-LOKADPK203ID | BA89: TRUE | BB89: TRUE | BE89: 0
A90: SOUTH JAKARTA DEPOK | B90: MC-CIMANGGIS | C90: PT-CIMANGGIS | D90: D426102033 | E90: D526102079 | F90: CSO-LOKADPK23 | G90: CSO-LOKADPK233ID | H90: CSO-LOKADPK23 | I90: CSO-LOKADPK233ID | J90: ACTIVE | K90: ACTIVE | P90: PERMATA | Q90: Tidak Ada | R90: TRUE | S90: TRUE | T90: TRUE | U90: TRUE | V90: TRUE | W90: TRUE | X90: TRUE | Y90: FALSE | Z90: FALSE | AB90: EVA SOLINA SINAGA | AG90: GG.ALIANDONG BOJONGSARI DEPOK RT.03/RW.09 KOTA DEPOK 16516 | AH90: 3.2760349e+15 | AI90: WANITA | AJ90: CSO | AL90: 62857160357947 | AO90: DPK_DT_25 | AQ90: D426102033 | AR90: LOKA KARSA INFORMASI, PT | AS90: D526102079 | AT90: PT LOKA KARSA INFORMASI_DEPOK_TIMUR | AU90: TRUE | AV90: TRUE | AW90: CSO-LOKADPK23 | AX90: CSO-LOKADPK233ID | AY90: PT-CIMANGGISCSO-LOKADPK23 | AZ90: PT-CIMANGGISCSO-LOKADPK233ID | BA90: TRUE | BB90: TRUE | BE90: 0
A91: SOUTH JAKARTA DEPOK | B91: MC-CIMANGGIS | C91: PT-CIMANGGIS | D91: D426102033 | E91: D526102079 | F91: CSO-LOKADPK25 | G91: CSO-LOKADPK253ID | H91: CSO-LOKADPK25 | I91: CSO-LOKADPK253ID | J91: ACTIVE | K91: ACTIVE | P91: PERMATA | Q91: Tidak Ada | R91: TRUE | S91: TRUE | T91: TRUE | U91: TRUE | V91: TRUE | W91: TRUE | X91: TRUE | Y91: FALSE | Z91: FALSE | AB91: ANITIYA | AG91: GG ASEM RT.003/RW.009 KOTA DEPOK 16516 | AH91: 3.276017e+15 | AI91: WANITA | AJ91: CSO | AL91: 6281574929262 | AO91: DPK_DT_20 | AQ91: D426102033 | AR91: LOKA KARSA INFORMASI, PT | AS91: D526102079 | AT91: PT LOKA KARSA INFORMASI_DEPOK_TIMUR | AU91: TRUE | AV91: TRUE | AW91: CSO-LOKADPK25 | AX91: CSO-LOKADPK253ID | AY91: PT-CIMANGGISCSO-LOKADPK25 | AZ91: PT-CIMANGGISCSO-LOKADPK253ID | BA91: TRUE | BB91: TRUE | BE91: 0
A92: SOUTH JAKARTA DEPOK | B92: MC-CIMANGGIS | C92: PT-CIMANGGIS | D92: D426102033 | E92: D526102079 | F92: CSO-LOKADPK27 | G92: CSO-LOKADPK273ID | H92: CSO-LOKADPK27 | I92: CSO-LOKADPK273ID | J92: ACTIVE | K92: ACTIVE | P92: PERMATA | Q92: Tidak Ada | R92: TRUE | S92: TRUE | T92: TRUE | U92: TRUE | V92: TRUE | W92: TRUE | X92: TRUE | Y92: FALSE | Z92: FALSE | AB92: SUSANTO | AG92: KP.RAWAGENI RT.006/RW.007 KOTA DEPOK 16439 | AH92: 3.2011309e+15 | AI92: PRIA | AJ92: CSO | AL92: 6285719252307 | AO92: DPK_DT_19 | AQ92: D426102033 | AR92: LOKA KARSA INFORMASI, PT | AS92: D526102079 | AT92: PT LOKA KARSA INFORMASI_DEPOK_TIMUR | AU92: TRUE | AV92: TRUE | AW92: CSO-LOKADPK27 | AX92: CSO-LOKADPK273ID | AY92: PT-CIMANGGISCSO-LOKADPK27 | AZ92: PT-CIMANGGISCSO-LOKADPK273ID | BA92: TRUE | BB92: TRUE | BE92: 0
A93: SOUTH JAKARTA DEPOK | B93: MC-CIPAYUNG | C93: PT-CIPAYUNG | D93: D426102034 | E93: D526102033 | F93: 1-186306401553 | G93: 1-1863064015533ID | H93: DSEIN108 | I93: DSEIN1083ID | J93: ACTIVE | K93: ACTIVE | N93: Closed | O93: Closed | P93: PERMATA | Q93: Tidak Ada | R93: TRUE | S93: TRUE | T93: TRUE | U93: FALSE | V93: FALSE | W93: TRUE | X93: TRUE | Y93: FALSE | Z93: FALSE | AB93: SULENDRA | AG93: JL. H. SIKAM KEL KALIBARU RT 004/RW 005 KEC CILODONG | AH93: 3.276012e+15 | AI93: PRIA | AJ93: CSO | AL93: 6289507348390 | AO93: DPK_DT_17 | AQ93: D426102034 | AR93: LOKA KARSA INFORMASI, PT | AS93: D526102033 | AT93: PT LOKA KARSA INFORMASI_DEPOK_TIMUR | AU93: TRUE | AV93: TRUE | AW93: 1-186306401553 | AX93: 1-1863064015533ID | AY93: PT-CIPAYUNG1-186306401553 | AZ93: PT-CIPAYUNG1-1863064015533ID | BA93: TRUE | BB93: TRUE | BE93: 0
A94: SOUTH JAKARTA DEPOK | B94: MC-CIPAYUNG | C94: PT-CIPAYUNG | D94: D426102034 | E94: D526102033 | F94: CSO-LOKADPK07 | G94: CSO-LOKADPK073ID | H94: CSO-LOKADPK07 | I94: CSO-LOKADPK073ID | J94: ACTIVE | K94: ACTIVE | P94: PERMATA | Q94: Tidak Ada | R94: TRUE | S94: TRUE | T94: TRUE | U94: TRUE | V94: TRUE | W94: TRUE | X94: TRUE | Y94: FALSE | Z94: FALSE | AB94: DEVI INDRIYANI | AC94: ga adai mobii DSO | AG94: KP PARUNG SERAB RT.008/RW.003 KOTA DEPOK 16412 | AH94: 3.2760541e+15 | AI94: WANITA | AJ94: CSO | AL94: 6280086422506 | AO94: DPK_DT_22 | AQ94: D426102034 | AR94: LOKA KARSA INFORMASI, PT | AS94: D526102033 | AT94: PT LOKA KARSA INFORMASI_DEPOK_TIMUR | AU94: TRUE | AV94: TRUE | AW94: CSO-LOKADPK07 | AX94: CSO-LOKADPK073ID | AY94: PT-CIPAYUNGCSO-LOKADPK07 | AZ94: PT-CIPAYUNGCSO-LOKADPK073ID | BA94: TRUE | BB94: TRUE | BE94: 0
A95: SOUTH JAKARTA DEPOK | B95: MC-CIPAYUNG | C95: PT-CIPAYUNG | D95: D426102034 | E95: D526102033 | F95: CSO-LOKADPK08 | G95: CSO-LOKADPK083ID | H95: CSO-LOKADPK08 | I95: CSO-LOKADPK083ID | J95: ACTIVE | K95: ACTIVE | P95: PERMATA | Q95: Tidak Ada | R95: TRUE | S95: TRUE | T95: TRUE | U95: TRUE | V95: TRUE | W95: TRUE | X95: TRUE | Y95: FALSE | Z95: FALSE | AB95: PUTRI NUR KOMALA | AG95: JL. RAJAWALI RT.005/RW.004 KOTA DEPOK 16421 | AH95: 3.2760653e+15 | AI95: WANITA | AJ95: CSO | AL95: 6280086422507 | AO95: DPK_DT_24 | AQ95: D426102034 | AR95: LOKA KARSA INFORMASI, PT | AS95: D526102033 | AT95: PT LOKA KARSA INFORMASI_DEPOK_TIMUR | AU95: TRUE | AV95: TRUE | AW95: CSO-LOKADPK08 | AX95: CSO-LOKADPK083ID | AY95: PT-CIPAYUNGCSO-LOKADPK08 | AZ95: PT-CIPAYUNGCSO-LOKADPK083ID | BA95: TRUE | BB95: TRUE | BE95: 0
A96: SOUTH JAKARTA DEPOK | B96: MC-CIPAYUNG | C96: PT-CIPAYUNG | D96: D426102034 | E96: D526102033 | F96: CSO-LOKADPK19 | G96: CSO-LOKADPK193ID | H96: DSEIN107 | I96: DSEIN1073ID | J96: ACTIVE | K96: ACTIVE | P96: PERMATA | Q96: Tidak Ada | R96: TRUE | S96: TRUE | T96: TRUE | U96: FALSE | V96: FALSE | W96: TRUE | X96: TRUE | Y96: FALSE | Z96: FALSE | AB96: Junita Riana | AG96: KP KEKUPU RT.02/RW.03 KOTA DEPOK 16435 | AH96: 3.2760168e+15 | AI96: WANITA | AJ96: CSO | AL96: 6285779999546 | AO96: DPK_DT_18 | AQ96: D426102034 | AR96: LOKA KARSA INFORMASI, PT | AS96: D526102033 | AT96: PT LOKA KARSA INFORMASI_DEPOK_TIMUR | AU96: TRUE | AV96: TRUE | AW96: CSO-LOKADPK19 | AX96: CSO-LOKADPK193ID | AY96: PT-CIPAYUNGCSO-LOKADPK19 | AZ96: PT-CIPAYUNGCSO-LOKADPK193ID | BA96: TRUE | BB96: TRUE | BE96: 0
A97: SOUTH JAKARTA DEPOK | B97: MC-CIPAYUNG | C97: PT-CIPAYUNG | D97: D426102034 | E97: D526102033 | F97: CSO-LOKADPK21 | G97: CSO-LOKADPK213ID | H97: CSO-LOKADPK21 | I97: CSO-LOKADPK213ID | J97: ACTIVE | K97: ACTIVE | P97: PERMATA | Q97: Tidak Ada | R97: TRUE | S97: TRUE | T97: TRUE | U97: TRUE | V97: TRUE | W97: TRUE | X97: TRUE | Y97: FALSE | Z97: FALSE | AB97: BASUKI | AG97: JL KARTINI NO 61 RT.03/RW.09 KOTA DEPOK 16431 | AH97: 3.2760106e+15 | AI97: PRIA | AJ97: CSO | AL97: 62856956664997 | AO97: DPK_DT_15 | AQ97: D426102034 | AR97: LOKA KARSA INFORMASI, PT | AS97: D526102033 | AT97: PT LOKA KARSA INFORMASI_DEPOK_TIMUR | AU97: TRUE | AV97: TRUE | AW97: CSO-LOKADPK21 | AX97: CSO-LOKADPK213ID | AY97: PT-CIPAYUNGCSO-LOKADPK21 | AZ97: PT-CIPAYUNGCSO-LOKADPK213ID | BA97: TRUE | BB97: TRUE | BE97: 0
A98: SOUTH JAKARTA DEPOK | B98: MC-CIPAYUNG | C98: PT-CIPAYUNG | D98: D426102034 | E98: D526102033 | F98: CSO-LOKADPK26 | G98: CSO-LOKADPK263ID | H98: CSO-LOKADPK26 | I98: CSO-LOKADPK263ID | J98: ACTIVE | K98: ACTIVE | P98: PERMATA | Q98: Tidak Ada | R98: TRUE | S98: TRUE | T98: TRUE | U98: TRUE | V98: TRUE | W98: TRUE | X98: TRUE | Y98: FALSE | Z98: FALSE | AB98: Dwi Apriliani | AG98: JL MASJID ALMUAWANAH RT.008/RW.07 KOTA JAKARTA SELATAN 12640 | AH98: 3.1710458e+15 | AI98: WANITA | AJ98: CSO | AL98: 6285781633357 | AO98: DPK_DT_12 | AQ98: D426102034 | AR98: LOKA KARSA INFORMASI, PT | AS98: D526102033 | AT98: PT LOKA KARSA INFORMASI_DEPOK_TIMUR | AU98: TRUE | AV98: TRUE | AW98: CSO-LOKADPK26 | AX98: CSO-LOKADPK263ID | AY98: PT-CIPAYUNGCSO-LOKADPK26 | AZ98: PT-CIPAYUNGCSO-LOKADPK263ID | BA98: TRUE | BB98: TRUE | BE98: 0
A99: SOUTH JAKARTA DEPOK | B99: MC-CIPAYUNG | C99: PT-CIPAYUNG | D99: D426102034 | E99: D526102033 | F99: CSO-LOKADPK29 | G99: CSO-LOKADPK293ID | H99: CSO-LOKADPK29 | I99: CSO-LOKADPK293ID | J99: ACTIVE | K99: ACTIVE | P99: PERMATA | Q99: Tidak Ada | R99: TRUE | S99: TRUE | T99: TRUE | U99: TRUE | V99: TRUE | W99: TRUE | X99: TRUE | Y99: FALSE | Z99: FALSE | AB99: Nursaranita | AG99: JALAN SALAK 1 NO 43 RT.009/RW.001 KOTA DEPOK 16433 | AH99: 3.2760152e+15 | AI99: WANITA | AJ99: CSO | AL99: 62857743726347 | AO99: DPK_DT_23 | AQ99: D426102034 | AR99: LOKA KARSA INFORMASI, PT | AS99: D526102033 | AT99: PT LOKA KARSA INFORMASI_DEPOK_TIMUR | AU99: TRUE | AV99: TRUE | AW99: CSO-LOKADPK29 | AX99: CSO-LOKADPK293ID | AY99: PT-CIPAYUNGCSO-LOKADPK29 | AZ99: PT-CIPAYUNGCSO-LOKADPK293ID | BA99: TRUE | BB99: TRUE | BE99: 0
A100: SOUTH JAKARTA DEPOK | B100: MC-CIPAYUNG | C100: PT-CIPAYUNG | D100: D426102034 | E100: D526102033 | F100: DSEIN045 | G100: 1-136291163598 | H100: DSEIN045 | I100: 1-136291163598 | J100: ACTIVE | K100: ACTIVE | P100: PERMATA | Q100: Tidak Ada | R100: TRUE | S100: TRUE | T100: TRUE | U100: TRUE | V100: TRUE | W100: TRUE | X100: TRUE | Y100: FALSE | Z100: FALSE | AB100: FADLY NAWAWI | AG100: GG H ENTONG CIPAYUNG RT.03/RW.07 KABUPATEN BOGOR 16914 | AH100: 3.2010124e+15 | AI100: PRIA | AJ100: CSO | AL100: 62895386577171 | AO100: DPK_DT_16 | AQ100: D426102034 | AR100: LOKA KARSA INFORMASI, PT | AS100: D526102033 | AT100: PT LOKA KARSA INFORMASI_DEPOK_TIMUR | AU100: TRUE | AV100: TRUE | AW100: DSEIN045 | AX100: 1-136291163598 | AY100: PT-CIPAYUNGDSEIN045 | AZ100: PT-CIPAYUNG1-136291163598 | BA100: TRUE | BB100: TRUE | BE100: 0
...

Sheet MASTER DSE OCT Inn
X1: FINAL ID DSE OKTOBER | AE1: FINAL ID DSE OKTOBER
X2: 20261007 | Y2: 20261007 | AE2: 20261007 | AF2: 20261007
A4: BRAND (IM3/3ID) | B4: REGION | C4: BRANCH | D4: MICRO CLUSTER | E4: PARTNER TERRITORY | F4: PARTNER ID NEW | G4: PARTNER ID NEW | H4: MPX Im3 | I4: Cek IM3 | J4: MPX 3ID | K4: Cek 3ID | L4: Propose DSE ID Im3 | M4: Propose DSE ID 3ID | N4: STATUS IM3 | O4: PARTNER ID BEFORE | P4: STATUS 3ID | Q4: NOTE 3ID | R4: MP3_SYSTEM | S4: CHECK | T4: MPC_SYSTEM | U4: CHECK | V4: ACTION MPC | W4: ACTION MP3 | X4: ID RE-CREATE IM3 - 261007 | Y4: ID RE-CREATE 3ID - 261007 | Z4: STATUS - 261007 | AA4: STATUS - 261007 | AB4: MSISDN IM3 | AC4: MSISDN 3ID | AD4: BIKIN ULANG | AE4: ID RE-CREATE IM3 | AF4: ID RE-CREATE 3ID | AG4: STATUS | AH4: STATUS | AI4: AGENCY NAME | AJ4: MSISDN ada | AK4: NAMA DSE | AL4: X | AM4: Re- check Nama DSE | AN4: Status | AO4: NIK AGENCY | AP4: ALAMAT | AQ4: NO KTP | AR4: JENIS KELAMIN | AS4: ROLE (SPV/CSO) | AT4: MSISDN (YG DIDAFTARKAN MOBO) | AU4: MSISDN (YG DIDAFTARKAN MOBO) | AV4: EMAIL | AW4: REMARKS | AX4: RAYON | AY4: Note | AZ4: DATA SOURCE DEMARKASI CIRCLE IDMPC | BA4: DATA SOURCE DEMARKASI CIRCLE NAMAMPC | BB4: DATA SOURCE DEMARKASI CIRCLE IDMP3 | BC4: DATA SOURCE DEMARKASI CIRCLE NAMAMP3 | BD4: cek partner im3 | BE4: cek partner 3id | BF4: DSE ID IM3 | BG4: DSE ID 3ID | BH4: PT_DSEIDIM3 | BI4: PT_DSE3ID | BJ4: cek id dseim3 | BK4: cek iddse 3id | BL4: x | BM4: x | BN4: NOTE | BO4: DSO | BP4: HOA
A5: IOH | B5: INNER JAKARTA | C5: BEKASI | D5: MC-BEKASI TENGAH | E5: PT-BEKASI TENGAH | F5: D426102024 | G5: D526102035 | H5: SANNIN BROTHER MEGAH | I5: FALSE | J5: SANNIN BROTHER MEGAH | K5: FALSE | L5: CSOBKST-01 | M5: CSOBKST-013ID | N5: ACTIVE | P5: ACTIVE | R5: D526102035 | S5: =R5=G5 -> TRUE | T5: D426102024 | U5: =T5=F5 -> TRUE | V5: KONFIRM | W5: KONFIRM | X5: CSOBKST-01 | Y5: CSOBKST-013ID | Z5: ACTIVE | AA5: ACTIVE | AI5: STAFFINC | AJ5: Tidak Ada | AK5: DODI SETIONO | AM5: DODI SETIONO | AN5: DODI SETIONO | AP5: perumahan puri lestari gang seroja 11 blok f32/07 sukajaya | AQ5: 3275050312790011 | AR5: PRIA | AU5: 628567620678 | AX5: BKS_BU_13 | AZ5: D426102024 | BA5: SANNIN BROTHER MEGAH, PT | BB5: D526102035 | BC5: PT SANNIN BROTHER MEGAH BEKASI UTARA | BD5: TRUE | BE5: TRUE | BF5: CSOBKST-01 | BG5: CSOBKST-013ID | BH5: PT-BEKASI TENGAHCSOBKST-01 | BI5: PT-BEKASI TENGAHCSOBKST-013ID | BJ5: TRUE | BK5: TRUE | BN5: 0 | BO5: ADITYA HASANUDDIN | BP5: Ali Sabana
A6: IOH | B6: INNER JAKARTA | C6: BEKASI | D6: MC-BEKASI TENGAH | E6: PT-BEKASI TENGAH | F6: D426102024 | G6: D526102035 | H6: SANNIN BROTHER MEGAH | I6: FALSE | J6: SANNIN BROTHER MEGAH | K6: FALSE | L6: CSOBKST-02 | M6: CSOBKST-023ID | N6: ACTIVE | P6: ACTIVE | R6: D526102035 | S6: =R6=G6 -> TRUE | T6: D426102024 | U6: =T6=F6 -> TRUE | V6: KONFIRM | W6: KONFIRM | X6: CSOBKST-02 | Y6: CSOBKST-023ID | Z6: ACTIVE | AA6: ACTIVE | AI6: STAFFINC | AJ6: Tidak Ada | AK6: RESTU SAMBUDI | AM6: RESTU SAMBUDI | AN6: RESTU SAMBUDI | AP6: jalan ujunga harapan gg sejahtera rt002/017 kel bahagia kec babelan depan gg sejahtera 2 | AQ6: 3216020401940014 | AR6: PRIA | AU6: 6280086422485 | AX6: BKS_BU_17 | AZ6: D426102024 | BA6: SANNIN BROTHER MEGAH, PT | BB6: D526102035 | BC6: PT SANNIN BROTHER MEGAH BEKASI UTARA | BD6: TRUE | BE6: TRUE | BF6: CSOBKST-02 | BG6: CSOBKST-023ID | BH6: PT-BEKASI TENGAHCSOBKST-02 | BI6: PT-BEKASI TENGAHCSOBKST-023ID | BJ6: TRUE | BK6: TRUE | BN6: 0 | BO6: ADITYA HASANUDDIN | BP6: Ali Sabana
A7: IOH | B7: INNER JAKARTA | C7: BEKASI | D7: MC-BEKASI TENGAH | E7: PT-BEKASI TENGAH | F7: D426102024 | G7: D526102035 | H7: SANNIN BROTHER MEGAH | I7: FALSE | J7: SANNIN BROTHER MEGAH | K7: FALSE | L7: CSOBKST-08 | M7: CSOBKST-083ID | N7: ACTIVE | P7: ACTIVE | R7: D526102035 | S7: =R7=G7 -> TRUE | T7: D426102024 | U7: =T7=F7 -> TRUE | V7: KONFIRM | W7: KONFIRM | X7: CSOBKST-08 | Y7: CSOBKST-083ID | Z7: ACTIVE | AA7: ACTIVE | AI7: STAFFINC | AJ7: Ada | AK7: TRI ADI PRASETYO | AM7: TRI ADI PRASETYO | AN7: TRI ADI PRASETYO | AO7: FALSE | AP7: Jl. Cempaka 9 Bs.11 No. 16 Rt.007/013 Jatisampurna Bekasi | AQ7: 3275100503920011 | AR7: PRIA | AS7: CSO | AT7: 85591021413 | AU7: 6280086422482 | AV7: adhyprasetyo0031@gmail.com | AX7: BKS_BU_21 | AY7: Nama tidak sesuai | AZ7: D426102024 | BA7: SANNIN BROTHER MEGAH, PT | BB7: D526102035 | BC7: PT SANNIN BROTHER MEGAH BEKASI UTARA | BD7: TRUE | BE7: TRUE | BF7: CSOBKST-08 | BG7: CSOBKST-083ID | BH7: PT-BEKASI TENGAHCSOBKST-08 | BI7: PT-BEKASI TENGAHCSOBKST-083ID | BJ7: TRUE | BK7: TRUE | BN7: 0 | BO7: ADITYA HASANUDDIN | BP7: Ali Sabana
A8: IOH | B8: INNER JAKARTA | C8: BEKASI | D8: MC-BEKASI TENGAH | E8: PT-BEKASI TENGAH | F8: D426102024 | G8: D526102035 | H8: SANNIN BROTHER MEGAH | I8: FALSE | J8: SANNIN BROTHER MEGAH | K8: FALSE | L8: DSEIN003 | M8: 1-28825212068 | N8: ACTIVE | P8: ACTIVE | R8: D526102035 | S8: =R8=G8 -> TRUE | T8: D426102024 | U8: =T8=F8 -> TRUE | V8: KONFIRM | W8: KONFIRM | X8: DSEIN003 | Y8: 1-28825212068 | Z8: ACTIVE | AA8: ACTIVE | AI8: STAFFINC | AJ8: Tidak Ada | AK8: ACHMAD RIZKI FAUZI | AM8: ACHMAD RIZKI FAUZI | AN8: ACHMAD RIZKI FAUZI | AP8: 0 | AQ8: 3275030101890050 | AR8: PRIA | AS8: CSO | AU8: 6289602778059 | AX8: BKS_BU_15 | AZ8: D426102024 | BA8: SANNIN BROTHER MEGAH, PT | BB8: D526102035 | BC8: PT SANNIN BROTHER MEGAH BEKASI UTARA | BD8: TRUE | BE8: TRUE | BF8: DSEIN003 | BG8: 1-28825212068 | BH8: PT-BEKASI TENGAHDSEIN003 | BI8: PT-BEKASI TENGAH1-28825212068 | BJ8: TRUE | BK8: TRUE | BN8: 0 | BO8: ADITYA HASANUDDIN | BP8: Ali Sabana
A9: IOH | B9: INNER JAKARTA | C9: BEKASI | D9: MC-BEKASI TENGAH | E9: PT-BEKASI TENGAH | F9: D426102024 | G9: D526102035 | H9: SANNIN BROTHER MEGAH | I9: FALSE | J9: SANNIN BROTHER MEGAH | K9: FALSE | L9: DSEIN006 | M9: 1-28825212060 | N9: ACTIVE | P9: ACTIVE | R9: D526102035 | S9: =R9=G9 -> TRUE | T9: D426102024 | U9: =T9=F9 -> TRUE | V9: KONFIRM | W9: KONFIRM | X9: DSEIN006 | Y9: 1-28825212060 | Z9: ACTIVE | AA9: ACTIVE | AI9: STAFFINC | AJ9: Tidak Ada | AK9: AKMAL MAULANA | AM9: AKMAL MAULANA | AN9: AKMAL MAULANA | AP9: kp.pulo timaha rt 011/007 desa Babelan Kota kabupaten Bekasi | AQ9: 3216021507950014 | AR9: PRIA | AU9: 6289602778055 | AX9: BKS_BU_14 | AZ9: D426102024 | BA9: SANNIN BROTHER MEGAH, PT | BB9: D526102035 | BC9: PT SANNIN BROTHER MEGAH BEKASI UTARA | BD9: TRUE | BE9: TRUE | BF9: DSEIN006 | BG9: 1-28825212060 | BH9: PT-BEKASI TENGAHDSEIN006 | BI9: PT-BEKASI TENGAH1-28825212060 | BJ9: TRUE | BK9: TRUE | BN9: 0 | BO9: ADITYA HASANUDDIN | BP9: Ali Sabana
A10: IOH | B10: INNER JAKARTA | C10: BEKASI | D10: MC-BEKASI TENGAH | E10: PT-BEKASI TENGAH | F10: D426102024 | G10: D526102035 | H10: SANNIN BROTHER MEGAH | I10: FALSE | J10: SANNIN BROTHER MEGAH | K10: FALSE | L10: DSEIN007 | M10: 1-135606436407 | N10: ACTIVE | P10: PENDING ACTIVE | R10: D526102035 | S10: =R10=G10 -> TRUE | T10: D426102024 | U10: =T10=F10 -> TRUE | V10: KONFIRM | W10: KONFIRM | X10: DSEIN007 | Y10: 1-135606436407 | Z10: ACTIVE | AA10: ACTIVE | AI10: STAFFINC | AJ10: Ada | AK10: AHMAD FIRDAUS | AM10: ASEP RAHMAN MULYANA (DSE Resign Bln Feb) | AN10: AHMAD FIRDAUS | AO10: FALSE | AP10: Taman Cikunir indah blok D no 6 RT 10 RW 11 Bekasi Selatan | AQ10: 3275042905890016 | AR10: PRIA | AS10: CSO | AT10: 08985561822 | AU10: 628985561822 | AV10: ahmadfirdaus299@gmail.com | AX10: BKS_BS_1 | AY10: Nama tidak sesuai | AZ10: D426102024 | BA10: SANNIN BROTHER MEGAH, PT | BB10: D526102035 | BC10: PT SANNIN BROTHER MEGAH BEKASI UTARA | BD10: TRUE | BE10: TRUE | BF10: DSEIN007 | BG10: 1-135606436407 | BH10: PT-BEKASI TENGAHDSEIN007 | BI10: PT-BEKASI TENGAH1-135606436407 | BJ10: TRUE | BK10: TRUE | BN10: 0 | BO10: ADITYA HASANUDDIN | BP10: Ali Sabana
A11: IOH | B11: INNER JAKARTA | C11: BEKASI | D11: MC-BEKASI TENGAH | E11: PT-BEKASI TENGAH | F11: D426102024 | G11: D526102035 | H11: SANNIN BROTHER MEGAH | I11: FALSE | J11: SANNIN BROTHER MEGAH | K11: FALSE | L11: DSEIN019 | M11: 1-28825212086 | N11: ACTIVE | P11: ACTIVE | R11: D526102035 | S11: =R11=G11 -> TRUE | T11: D426102024 | U11: =T11=F11 -> TRUE | V11: KONFIRM | W11: KONFIRM | X11: DSEIN019 | Y11: 1-28825212086 | Z11: ACTIVE | AA11: ACTIVE | AI11: STAFFINC | AJ11: Tidak Ada | AK11: INDRA PURWANTO | AM11: INDRA PURWANTO | AN11: INDRA PURWANTO | AP11: jl.musholla daarul ibtida no.109 rt01 rw 01 kel.bantar gebang kec.bantar gebang kota bekasi | AQ11: 3175071003880020 | AR11: PRIA | AU11: 6289602778072 | AX11: BKS_BS_3 | AZ11: D426102024 | BA11: SANNIN BROTHER MEGAH, PT | BB11: D526102035 | BC11: PT SANNIN BROTHER MEGAH BEKASI UTARA | BD11: TRUE | BE11: TRUE | BF11: DSEIN019 | BG11: 1-28825212086 | BH11: PT-BEKASI TENGAHDSEIN019 | BI11: PT-BEKASI TENGAH1-28825212086 | BJ11: TRUE | BK11: TRUE | BN11: 0 | BO11: ADITYA HASANUDDIN | BP11: Ali Sabana
A12: IOH | B12: INNER JAKARTA | C12: BEKASI | D12: MC-BEKASI TENGAH | E12: PT-BEKASI TENGAH | F12: D426102024 | G12: D526102035 | H12: SANNIN BROTHER MEGAH | I12: FALSE | J12: SANNIN BROTHER MEGAH | K12: FALSE | L12: DSEIN020 | M12: 1-136179672105 | N12: ACTIVE | P12: ACTIVE | RE-PARENTING | Q12: CURRENT_PT : 1-28824058447 | R12: 1-28824058447 | S12: =R12=G12 -> FALSE | T12: D426102024 | U12: =T12=F12 -> TRUE | V12: KONFIRM | W12: RE-PARENTING | X12: DSEIN020 | Y12: 1-136179672105 | Z12: ACTIVE | AA12: ACTIVE | RE-PARENTING | AI12: STAFFINC | AJ12: Ada | AK12: IRAMA HAREFA | AM12: IRAMA HAREFA | AN12: MUHAMMAD ALDIANSA PANGESTU | AO12: FALSE | AP12: KP Irian No 23 Kecamatan Bekasi Utara | AQ12: 3275032801030018 | AR12: PRIA | AS12: CSO | AT12: 0895326103063 | AU12: 628985560095 | AV12: aldiansa2801@gmail.com | AX12: BKS_BU_16 | AY12: Nama tidak sesuai | AZ12: D426102024 | BA12: SANNIN BROTHER MEGAH, PT | BB12: D526102035 | BC12: PT SANNIN BROTHER MEGAH BEKASI UTARA | BD12: TRUE | BE12: TRUE | BF12: DSEIN020 | BG12: 1-136179672105 | BH12: PT-BEKASI TENGAHDSEIN020 | BI12: PT-BEKASI TENGAH1-136179672105 | BJ12: TRUE | BK12: TRUE | BN12: 0 | BO12: ADITYA HASANUDDIN | BP12: Ali Sabana
A13: IOH | B13: INNER JAKARTA | C13: BEKASI | D13: MC-BEKASI TENGAH | E13: PT-BEKASI TENGAH | F13: D426102024 | G13: D526102035 | H13: SANNIN BROTHER MEGAH | I13: FALSE | J13: SANNIN BROTHER MEGAH | K13: FALSE | L13: DSEIN027 | M13: 1-135596391663 | N13: ACTIVE | RE-PARENTING | O13: D426102088 | MOVE TO D426102024 | P13: PENDING ACTIVE | R13: D526102035 | S13: =R13=G13 -> TRUE | T13: D426102088 | U13: =T13=F13 -> FALSE | V13: RE-PARENTING | W13: KONFIRM | X13: DSEIN027 | Y13: 1-135596391663 | Z13: PENDING ACTIVE | AA13: PENDING ACTIVE | AB13: 628985561832 | AC13: 628985561832 | AI13: STAFFINC | AJ13: Ada | AK13: MUHAMMAD ALDIANSA PANGESTU | AM13: MUHAMMAD ALDIANSA PANGESTU | AN13: IRAMA HAREFA | AO13: FALSE | AP13: Jl. Letnan Arsyad 2 No. 81 RT/RW 006/012 Kel. Kayuringin Jaya - Bekasi Selatan | AQ13: 1204041805940004 | AR13: PRIA | AS13: CSO | AT13: 08985561832 | AU13: 628985561832 | AV13: iharefa94@gmail.com | AX13: BKS_BS_9 | AY13: Nama tidak sesuai | AZ13: D426102024 | BA13: SANNIN BROTHER MEGAH, PT | BB13: D526102035 | BC13: PT SANNIN BROTHER MEGAH BEKASI UTARA | BD13: TRUE | BE13: TRUE | BF13: DSEIN027 | BG13: 1-135596391663 | BH13: PT-BEKASI TENGAHDSEIN027 | BI13: PT-BEKASI TENGAH1-135596391663 | BJ13: TRUE | BK13: TRUE | BN13: 0 | BO13: ADITYA HASANUDDIN | BP13: Ali Sabana
A14: IOH | B14: INNER JAKARTA | C14: BEKASI | D14: MC-BEKASI TENGAH | E14: PT-BEKASI TENGAH | F14: D426102024 | G14: D526102035 | H14: SANNIN BROTHER MEGAH | I14: FALSE | J14: SANNIN BROTHER MEGAH | K14: FALSE | L14: DSEIN038 | M14: 1-170588695616 | N14: ACTIVE | P14: ACTIVE | R14: D526102035 | S14: =R14=G14 -> TRUE | T14: D426102024 | U14: =T14=F14 -> TRUE | V14: KONFIRM | W14: KONFIRM | X14: DSEIN038 | Y14: 1-170588695616 | Z14: ACTIVE | AA14: ACTIVE | AI14: STAFFINC | AJ14: Tidak Ada | AK14: SYAIFUL JAMAL | AM14: SYAIFUL JAMAL | AN14: SYAIFUL JAMAL | AP14: perum SATRIA INDAH RESIDENT 2 BLOK I NO 35 KELURAHAN SETIA MEKAR TAMBUN UTARA KAB.BEKASI. | AQ14: 3327111612890004 | AR14: PRIA | AS14: CSO | AU14: 6289607902966 | AX14: BKS_BS_2 | AZ14: D426102024 | BA14: SANNIN BROTHER MEGAH, PT | BB14: D526102035 | BC14: PT SANNIN BROTHER MEGAH BEKASI UTARA | BD14: TRUE | BE14: TRUE | BF14: DSEIN038 | BG14: 1-170588695616 | BH14: PT-BEKASI TENGAHDSEIN038 | BI14: PT-BEKASI TENGAH1-170588695616 | BJ14: TRUE | BK14: TRUE | BN14: 0 | BO14: ADITYA HASANUDDIN | BP14: Ali Sabana
A15: IOH | B15: INNER JAKARTA | C15: BEKASI | D15: MC-BEKASI UTARA | E15: PT-BEKASI UTARA | F15: D42609204 | G15: 1-28824058447 | H15: SANNIN BROTHER MEGAH | I15: FALSE | J15: SANNIN BROTHER MEGAH | K15: FALSE | L15: CSOBKST-06 | M15: CSOBKST-063ID | N15: ACTIVE | P15: ACTIVE | R15: 1-28824058447 | S15: =R15=G15 -> TRUE | T15: D42609204 | U15: =T15=F15 -> TRUE | V15: KONFIRM | W15: KONFIRM | X15: CSOBKST-06 | Y15: CSOBKST-063ID | Z15: ACTIVE | AA15: ACTIVE | AI15: STAFFINC | AJ15: Ada | AK15: AAN KOSSUNJAMINARA | AM15: AAN KOSSUNJAMINARA | AN15: AAN KOSSUNJAMINARA | AO15: FALSE | AP15: Kp Rawa Bambu Rt 003/16 Kel Harapan Jaya Kec Bekasi Utara No.0 Rtrw.0 Kel.- Kec.- | AQ15: 3275032209740019 | AR15: PRIA | AS15: CSO | AT15: 8568810881 | AU15: 6280086422487 | AV15: ankoss2209@gmail.com | AX15: BKS_BU_18 | AY15: Nama tidak sesuai | AZ15: D42609204 | BA15: SANNIN BROTHER MEGAH, PT | BB15: 1-28824058447 | BC15: PT SANNIN BROTHER MEGAH BEKASI UTARA | BD15: TRUE | BE15: TRUE | BF15: CSOBKST-06 | BG15: CSOBKST-063ID | BH15: PT-BEKASI UTARACSOBKST-06 | BI15: PT-BEKASI UTARACSOBKST-063ID | BJ15: TRUE | BK15: TRUE | BN15: 0 | BO15: RAHAYU UTAMININGSIH | BP15: Ali Sabana
A16: IOH | B16: INNER JAKARTA | C16: BEKASI | D16: MC-BEKASI UTARA | E16: PT-BEKASI UTARA | F16: D42609204 | G16: 1-28824058447 | H16: SANNIN BROTHER MEGAH | I16: FALSE | J16: SANNIN BROTHER MEGAH | K16: FALSE | L16: CSOBKST-09 | M16: CSOBKST-093ID | N16: ACTIVE | P16: ACTIVE | R16: 1-28824058447 | S16: =R16=G16 -> TRUE | T16: D42609204 | U16: =T16=F16 -> TRUE | V16: KONFIRM | W16: KONFIRM | X16: CSOBKST-09 | Y16: CSOBKST-093ID | Z16: ACTIVE | AA16: ACTIVE | AI16: STAFFINC | AJ16: Ada | AK16: MOHAMMAD SLAMET | AM16: MOHAMMAD SLAMET | AN16: MOHAMMAD SLAMET | AO16: FALSE | AP16: Desa Karanganyar Rt. 001/005 Kel Karanganyar Kec Pagerbarang No.0 Rtrw.0 Kel.- Kec.- | AQ16: 3328051710820006 | AR16: PRIA | AS16: CSO | AT16: 85717040506 | AU16: 6280086422488 | AV16: slametmuhamad927@gmail.com | AX16: BKS_BU_23 | AY16: Nama tidak sesuai | AZ16: D42609204 | BA16: SANNIN BROTHER MEGAH, PT | BB16: 1-28824058447 | BC16: PT SANNIN BROTHER MEGAH BEKASI UTARA | BD16: TRUE | BE16: TRUE | BF16: CSOBKST-09 | BG16: CSOBKST-093ID | BH16: PT-BEKASI UTARACSOBKST-09 | BI16: PT-BEKASI UTARACSOBKST-093ID | BJ16: TRUE | BK16: TRUE | BN16: 0 | BO16: RAHAYU UTAMININGSIH | BP16: Ali Sabana
A17: IOH | B17: INNER JAKARTA | C17: BEKASI | D17: MC-BEKASI UTARA | E17: PT-BEKASI UTARA | F17: D42609204 | G17: 1-28824058447 | H17: SANNIN BROTHER MEGAH | I17: FALSE | J17: SANNIN BROTHER MEGAH | K17: FALSE | L17: CSOBKST-10 | M17: CSOBKST-103ID | N17: ACTIVE | P17: ACTIVE | R17: 1-28824058447 | S17: =R17=G17 -> TRUE | T17: D42609204 | U17: =T17=F17 -> TRUE | V17: KONFIRM | W17: KONFIRM | X17: CSOBKST-10 | Y17: CSOBKST-103ID | Z17: ACTIVE | AA17: ACTIVE | AI17: STAFFINC | AJ17: Ada | AK17: MUHAMMAD DEDI SAPUTRA | AM17: MUHAMMAD DEDI SAPUTRA | AN17: MUHAMMAD DEDI SAPUTRA | AO17: FALSE | AP17: Rawa Silam 1 Rt. 008/006 Kel. Kaliabang Tengah Kec Bekasi Utara No.0 Rtrw.0 Kel.- Kec.- | AQ17: 3275032505940032 | AR17: PRIA | AS17: CSO | AT17: 85717185678 | AU17: 6280086422483 | AV17: dedysahputra45@gmail.com | AX17: BKS_BU_24 | AY17: Nama tidak sesuai | AZ17: D42609204 | BA17: SANNIN BROTHER MEGAH, PT | BB17: 1-28824058447 | BC17: PT SANNIN BROTHER MEGAH BEKASI UTARA | BD17: TRUE | BE17: TRUE | BF17: CSOBKST-10 | BG17: CSOBKST-103ID | BH17: PT-BEKASI UTARACSOBKST-10 | BI17: PT-BEKASI UTARACSOBKST-103ID | BJ17: TRUE | BK17: TRUE | BN17: 0 | BO17: RAHAYU UTAMININGSIH | BP17: Ali Sabana
A18: IOH | B18: INNER JAKARTA | C18: BEKASI | D18: MC-BEKASI UTARA | E18: PT-BEKASI UTARA | F18: D42609204 | G18: 1-28824058447 | H18: SANNIN BROTHER MEGAH | I18: FALSE | J18: SANNIN BROTHER MEGAH | K18: FALSE | L18: DSEIN030 | M18: 1-28825212058 | N18: ACTIVE | P18: ACTIVE | R18: 1-28824058447 | S18: =R18=G18 -> TRUE | T18: D42609204 | U18: =T18=F18 -> TRUE | V18: KONFIRM | W18: KONFIRM | X18: DSEIN030 | Y18: 1-28825212058 | Z18: ACTIVE | AA18: ACTIVE | AI18: STAFFINC | AJ18: Tidak Ada | AK18: PARMAN | AM18: PARMAN | AN18: PARMAN | AP18: jl kh muchtar thabrani rt04/02 no61 margamulya bekasi utara | AQ18: 3215061012880005 | AR18: PRIA | AU18: 6289602778054 | AX18: BKS_BU_22 | AZ18: D42609204 | BA18: SANNIN BROTHER MEGAH, PT | BB18: 1-28824058447 | BC18: PT SANNIN BROTHER MEGAH BEKASI UTARA | BD18: TRUE | BE18: TRUE | BF18: DSEIN030 | BG18: 1-28825212058 | BH18: PT-BEKASI UTARADSEIN030 | BI18: PT-BEKASI UTARA1-28825212058 | BJ18: TRUE | BK18: TRUE | BN18: 0 | BO18: RAHAYU UTAMININGSIH | BP18: Ali Sabana
A19: IOH | B19: INNER JAKARTA | C19: BEKASI | D19: MC-BEKASI UTARA | E19: PT-BEKASI UTARA | F19: D42609204 | G19: 1-28824058447 | H19: SANNIN BROTHER MEGAH | I19: FALSE | J19: SANNIN BROTHER MEGAH | K19: FALSE | L19: DSEIN040 | M19: 1-28825212056 | N19: ACTIVE | P19: ACTIVE | R19: 1-28824058447 | S19: =R19=G19 -> TRUE | T19: D42609204 | U19: =T19=F19 -> TRUE | V19: KONFIRM | W19: KONFIRM | X19: DSEIN040 | Y19: 1-28825212056 | Z19: ACTIVE | AA19: ACTIVE | AI19: STAFFINC | AJ19: Tidak Ada | AK19: YOSEP MARTIN | AM19: YOSEP MARTIN | AN19: YOSEP MARTIN | AP19: villa gading harapan3 jl.elang1 blok E1 no.03 | AQ19: 3518081405940002 | AR19: PRIA | AU19: 6289602778053 | AX19: BKS_BU_19 | AZ19: D42609204 | BA19: SANNIN BROTHER MEGAH, PT | BB19: 1-28824058447 | BC19: PT SANNIN BROTHER MEGAH BEKASI UTARA | BD19: TRUE | BE19: TRUE | BF19: DSEIN040 | BG19: 1-28825212056 | BH19: PT-BEKASI UTARADSEIN040 | BI19: PT-BEKASI UTARA1-28825212056 | BJ19: TRUE | BK19: TRUE | BN19: 0 | BO19: RAHAYU UTAMININGSIH | BP19: Ali Sabana
A20: IOH | B20: INNER JAKARTA | C20: BEKASI | D20: MC-BEKASI UTARA | E20: PT-BEKASI UTARA | F20: D42609204 | G20: 1-28824058447 | H20: SANNIN BROTHER MEGAH | I20: FALSE | J20: SANNIN BROTHER MEGAH | K20: FALSE | L20: DSEIN041 | M20: 1-135596392079 | N20: NOT FOUND | P20: ACTIVE | R20: 1-28824058447 | S20: =R20=G20 -> TRUE | U20: =T20=F20 -> FALSE | V20: CREATE | W20: KONFIRM | X20: DSEIN041 | Y20: 1-135596392079 | Z20: ACTIVE | AA20: ACTIVE | AI20: STAFFINC | AJ20: Tidak Ada | AK20: MUHAMMAD IQBAL | AP20: kp rawa kalong rt 004 rw 003 tambun utara | AQ20: 3275020503900012 | AR20: PRIA | AS20: CSO | AU20: 0 | AX20: BKS_BU_20 | AZ20: D42609204 | BA20: SANNIN BROTHER MEGAH, PT | BB20: 1-28824058447 | BC20: PT SANNIN BROTHER MEGAH BEKASI UTARA | BD20: TRUE | BE20: TRUE | BF20: DSEIN041 | BG20: 1-135596392079 | BH20: PT-BEKASI UTARADSEIN041 | BI20: PT-BEKASI UTARA1-135596392079 | BJ20: TRUE | BK20: TRUE | BN20: 0 | BO20: RAHAYU UTAMININGSIH | BP20: Ali Sabana
A21: IOH | B21: INNER JAKARTA | C21: BEKASI | D21: MC-MUSTIKA JAYA | E21: PT-MUSTIKA JAYA | F21: D426102088 | G21: D526102096 | H21: DISTRIBUSI VOUCHER NUSANTARA | I21: FALSE | J21: DISTRIBUSI VOUCHER NUSANTARA | K21: FALSE | L21: CSOBKSB-02 | M21: CSOBKSB-023ID | N21: NOT FOUND | P21: PENDING ACTIVE | R21: D526102096 | S21: =R21=G21 -> TRUE | U21: =T21=F21 -> FALSE | V21: CREATE | W21: KONFIRM | X21: CSOBKSB-02 | Y21: CSOBKSB-023ID | Z21: CLOSED | AA21: PENDING ACTIVE | AC21: 62857177749007 | AD21: CREATE IM3 & SALESHUB | AI21: STAFFINC | AJ21: Ada | AK21: ALFIAN FARDIANSYAH | AM21: ALFIAN FARDIANSYAH | AN21: ALFIAN FARDIANSYAH | AO21: FALSE | AP21: kp.cikunir rt 005/ rw 001 jakamulya Bekasi Selatan | AQ21: 3201131912890003 | AR21: PRIA | AS21: CSO | AT21: 85777510051 | AU21: 62857177749007 | AV21: alfian.fardiansyah89@gmail.com | AX21: BKS_BS_10 | AY21: Nama tidak sesuai | AZ21: D426102088 | BA21: DISTRIBUSI VOUCHER NUSANTARA, PT | BB21: D526102096 | BC21: PT DISTRIBUSI VOUCHER NUSANTARA BEKASI SELATAN | BD21: TRUE | BE21: TRUE | BF21: CSOBKSB-02 | BG21: CSOBKSB-023ID | BH21: PT-MUSTIKA JAYACSOBKSB-02 | BI21: PT-MUSTIKA JAYACSOBKSB-023ID | BJ21: TRUE | BK21: TRUE | BN21: 0 | BO21: MUHAMAD RIFALDI | BP21: Ali Sabana
A22: IOH | B22: INNER JAKARTA | C22: BEKASI | D22: MC-MUSTIKA JAYA | E22: PT-MUSTIKA JAYA | F22: D426102088 | G22: D526102096 | H22: DISTRIBUSI VOUCHER NUSANTARA | I22: FALSE | J22: DISTRIBUSI VOUCHER NUSANTARA | K22: FALSE | L22: CSOBKSS-04 | M22: CSOBKSS-043ID | N22: ACTIVE | P22: ACTIVE | R22: D526102096 | S22: =R22=G22 -> TRUE | T22: D426102088 | U22: =T22=F22 -> TRUE | V22: KONFIRM | W22: KONFIRM | X22: CSOBKSS-04 | Y22: CSOBKSS-043ID | Z22: ACTIVE | AA22: ACTIVE | AI22: STAFFINC | AJ22: Tidak Ada | AK22: MUKTIARTO | AM22: MUKTIARTO | AN22: MUKTIARTO | AP22: jl setia 4 no 43 RT 006/012 Jatiwaringin pondok gede | AQ22: 3275081602940025 | AR22: PRIA | AU22: 6280086422484 | AX22: BKS_BS_12 | AZ22: D426102088 | BA22: DISTRIBUSI VOUCHER NUSANTARA, PT | BB22: D526102096 | BC22: PT DISTRIBUSI VOUCHER NUSANTARA BEKASI SELATAN | BD22: TRUE | BE22: TRUE | BF22: CSOBKSS-04 | BG22: CSOBKSS-043ID | BH22: PT-MUSTIKA JAYACSOBKSS-04 | BI22: PT-MUSTIKA JAYACSOBKSS-043ID | BJ22: TRUE | BK22: TRUE | BN22: 0 | BO22: MUHAMAD RIFALDI | BP22: Ali Sabana
A23: IOH | B23: INNER JAKARTA | C23: BEKASI | D23: MC-MUSTIKA JAYA | E23: PT-MUSTIKA JAYA | F23: D426102088 | G23: D526102096 | H23: DISTRIBUSI VOUCHER NUSANTARA | I23: FALSE | J23: DISTRIBUSI VOUCHER NUSANTARA | K23: FALSE | L23: CSOBKSS-05 | M23: CSOBKSS-053ID | N23: ACTIVE | P23: ACTIVE | R23: D526102096 | S23: =R23=G23 -> TRUE | T23: D426102088 | U23: =T23=F23 -> TRUE | V23: KONFIRM | W23: KONFIRM | X23: CSOBKSS-05 | Y23: CSOBKSS-053ID | Z23: ACTIVE | AA23: ACTIVE | AI23: STAFFINC | AJ23: Ada | AK23: TOFIK HIDAYAT | AM23: TOFIK HIDAYAT | AN23: TOFIK HIDAYAT | AO23: FALSE | AP23: Jl Sejahtera Rt 004 Rw 003 Kel Jatiwaringin Kec Pondokgede No.0 Rtrw.0 Kel.- Kec.- | AQ23: 3275082608810007 | AR23: PRIA | AS23: CSO | AT23: 85711177778 | AU23: 62857111777787 | AV23: topiko78@gmail.com | AX23: BKS_BS_11 | AY23: Nama tidak sesuai | AZ23: D426102088 | BA23: DISTRIBUSI VOUCHER NUSANTARA, PT | BB23: D526102096 | BC23: PT DISTRIBUSI VOUCHER NUSANTARA BEKASI SELATAN | BD23: TRUE | BE23: TRUE | BF23: CSOBKSS-05 | BG23: CSOBKSS-053ID | BH23: PT-MUSTIKA JAYACSOBKSS-05 | BI23: PT-MUSTIKA JAYACSOBKSS-053ID | BJ23: TRUE | BK23: TRUE | BN23: 0 | BO23: MUHAMAD RIFALDI | BP23: Ali Sabana
A24: IOH | B24: INNER JAKARTA | C24: BEKASI | D24: MC-MUSTIKA JAYA | E24: PT-MUSTIKA JAYA | F24: D426102088 | G24: D526102096 | H24: DISTRIBUSI VOUCHER NUSANTARA | I24: FALSE | J24: DISTRIBUSI VOUCHER NUSANTARA | K24: FALSE | L24: CSOBKSS-12 | M24: CSOBKSS-123ID | N24: ACTIVE | P24: ACTIVE | R24: D526102096 | S24: =R24=G24 -> TRUE | T24: D426102088 | U24: =T24=F24 -> TRUE | V24: KONFIRM | W24: KONFIRM | X24: CSOBKSS-12 | Y24: CSOBKSS-123ID | Z24: ACTIVE | AA24: ACTIVE | AI24: STAFFINC | AJ24: Ada | AK24: TOMMY SAIFUL ATNAN | AM24: TOMMY SAIFUL ATNAN | AN24: TOMMY SAIFUL ATNAN | AO24: FALSE | AP24: Kel Makasar No 7 Rt 006 Rw 002 Kel Makasar Kec Makasar No.0 Rtrw.0 Kel.- Kec.- | AQ24: 3175081507900004 | AR24: PRIA | AS24: CSO | AT24: 85711116669 | AU24: 62857111166697 | AV24: tommy.gembul16@gmail.com | AX24: BKS_BS_5 | AY24: Nama tidak sesuai | AZ24: D426102088 | BA24: DISTRIBUSI VOUCHER NUSANTARA, PT | BB24: D526102096 | BC24: PT DISTRIBUSI VOUCHER NUSANTARA BEKASI SELATAN | BD24: TRUE | BE24: TRUE | BF24: CSOBKSS-12 | BG24: CSOBKSS-123ID | BH24: PT-MUSTIKA JAYACSOBKSS-12 | BI24: PT-MUSTIKA JAYACSOBKSS-123ID | BJ24: TRUE | BK24: TRUE | BN24: 0 | BO24: MUHAMAD RIFALDI | BP24: Ali Sabana
A25: IOH | B25: INNER JAKARTA | C25: BEKASI | D25: MC-MUSTIKA JAYA | E25: PT-MUSTIKA JAYA | F25: D426102088 | G25: D526102096 | H25: DISTRIBUSI VOUCHER NUSANTARA | I25: FALSE | J25: DISTRIBUSI VOUCHER NUSANTARA | K25: FALSE | L25: CSOBKST-11 | M25: CSOBKST-113ID | N25: ACTIVE | P25: ACTIVE | R25: D526102096 | S25: =R25=G25 -> TRUE | T25: D426102088 | U25: =T25=F25 -> TRUE | V25: KONFIRM | W25: KONFIRM | X25: CSOBKST-11 | Y25: CSOBKST-113ID | Z25: ACTIVE | AA25: ACTIVE | AI25: STAFFINC | AJ25: Ada | AK25: SYAIPUL BAHRI | AM25: SYAIPUL BAHRI | AN25: SYAIPUL BAHRI | AO25: FALSE | AP25: Kp. Kebantenan Rt. 002/012 Kel Jatiasih Kec Jatiasih No.0 Rtrw.0 Kel.- Kec.- | AQ25: 3275091111900034 | AR25: PRIA | AS25: CSO | AT25: 85770070006 | AU25: 6285770070006 | AV25: syaipulabian163@gmail.com | AX25: BKS_BS_8 | AY25: Nama tidak sesuai | AZ25: D426102088 | BA25: DISTRIBUSI VOUCHER NUSANTARA, PT | BB25: D526102096 | BC25: PT DISTRIBUSI VOUCHER NUSANTARA BEKASI SELATAN | BD25: TRUE | BE25: TRUE | BF25: CSOBKST-11 | BG25: CSOBKST-113ID | BH25: PT-MUSTIKA JAYACSOBKST-11 | BI25: PT-MUSTIKA JAYACSOBKST-113ID | BJ25: TRUE | BK25: TRUE | BN25: 0 | BO25: MUHAMAD RIFALDI | BP25: Ali Sabana
A26: IOH | B26: INNER JAKARTA | C26: BEKASI | D26: MC-MUSTIKA JAYA | E26: PT-MUSTIKA JAYA | F26: D426102088 | G26: D526102096 | H26: DISTRIBUSI VOUCHER NUSANTARA | I26: FALSE | J26: DISTRIBUSI VOUCHER NUSANTARA | K26: FALSE | L26: DSEIN002 | M26: 1-28825212088 | N26: ACTIVE | P26: ACTIVE | RE-PARENTING | Q26: CURRENT_PT : D52609207 | R26: D526102096 | S26: =R26=G26 -> TRUE | T26: D426102088 | U26: =T26=F26 -> TRUE | V26: KONFIRM | W26: KONFIRM | X26: DSEIN002 | Y26: 1-28825212088 | Z26: ACTIVE | AA26: ACTIVE | AI26: STAFFINC | AJ26: Tidak Ada | AK26: ACHMAD ABDULAH | AM26: ACHMAD ABDULAH | AN26: ACHMAD ABDULAH | AP26: kp Cakung RT 02 RW 012 Kelurahan jatimekar kecamatan Jatiasih kota bekasi | AQ26: 3275092707870010 | AR26: PRIA | AU26: 6289602778073 | AX26: BKS_BS_6 | AZ26: D426102088 | BA26: DISTRIBUSI VOUCHER NUSANTARA, PT | BB26: D526102096 | BC26: PT DISTRIBUSI VOUCHER NUSANTARA BEKASI SELATAN | BD26: TRUE | BE26: TRUE | BF26: DSEIN002 | BG26: 1-28825212088 | BH26: PT-MUSTIKA JAYADSEIN002 | BI26: PT-MUSTIKA JAYA1-28825212088 | BJ26: TRUE | BK26: TRUE | BN26: 0 | BO26: MUHAMAD RIFALDI | BP26: Ali Sabana
A27: IOH | B27: INNER JAKARTA | C27: BEKASI | D27: MC-MUSTIKA JAYA | E27: PT-MUSTIKA JAYA | F27: D426102088 | G27: D526102096 | H27: DISTRIBUSI VOUCHER NUSANTARA | I27: FALSE | J27: DISTRIBUSI VOUCHER NUSANTARA | K27: FALSE | L27: DSEIN018 | M27: 1-136173742121 | N27: ACTIVE | P27: ACTIVE | RE-PARENTING | Q27: CURRENT_PT : D52609207 | R27: D526102096 | S27: =R27=G27 -> TRUE | T27: D426102088 | U27: =T27=F27 -> TRUE | V27: KONFIRM | W27: KONFIRM | X27: DSEIN018 | Y27: 1-136173742121 | Z27: ACTIVE | AA27: PENDING ACTIVE | AC27: 628985560042 | AI27: STAFFINC | AJ27: Ada | AK27: HERRY CHRISTIAN | AM27: HERRY CHRISTIAN | AN27: HERRY CHRISTIAN | AO27: FALSE | AP27: Kp.kebantenan gg.anugerah rt.05 rw.06 no.65 | AQ27: 3275091902840012 | AR27: PRIA | AS27: CSO | AT27: 08985560042 | AU27: 628985560042 | AV27: herry.christian4@gmail.com | AX27: BKS_BS_7 | AY27: Nama tidak sesuai | AZ27: D426102088 | BA27: DISTRIBUSI VOUCHER NUSANTARA, PT | BB27: D526102096 | BC27: PT DISTRIBUSI VOUCHER NUSANTARA BEKASI SELATAN | BD27: TRUE | BE27: TRUE | BF27: DSEIN018 | BG27: 1-136173742121 | BH27: PT-MUSTIKA JAYADSEIN018 | BI27: PT-MUSTIKA JAYA1-136173742121 | BJ27: TRUE | BK27: TRUE | BN27: 0 | BO27: MUHAMAD RIFALDI | BP27: Ali Sabana
A28: IOH | B28: INNER JAKARTA | C28: BEKASI | D28: MC-MUSTIKA JAYA | E28: PT-MUSTIKA JAYA | F28: D426102088 | G28: D526102096 | H28: DISTRIBUSI VOUCHER NUSANTARA | I28: FALSE | J28: DISTRIBUSI VOUCHER NUSANTARA | K28: FALSE | L28: DSEIN028 | M28: 1-28825212100 | N28: ACTIVE | P28: ACTIVE | RE-PARENTING | Q28: CURRENT_PT : D52609208 | R28: D526102096 | S28: =R28=G28 -> TRUE | T28: D426102088 | U28: =T28=F28 -> TRUE | V28: KONFIRM | W28: KONFIRM | X28: DSEIN028 | Y28: 1-28825212100 | Z28: ACTIVE | AA28: ACTIVE | AI28: STAFFINC | AJ28: Tidak Ada | AK28: MUHAMMAD ZULFIKAR | AM28: MUHAMMAD ZULFIKAR | AN28: MUHAMMAD ZULFIKAR | AP28: jl mushola arifiah RT 008/007 | AQ28: 3275082707960021 | AR28: PRIA | AU28: 6289602778079 | AX28: BKS_BS_4 | AZ28: D426102088 | BA28: DISTRIBUSI VOUCHER NUSANTARA, PT | BB28: D526102096 | BC28: PT DISTRIBUSI VOUCHER NUSANTARA BEKASI SELATAN | BD28: TRUE | BE28: TRUE | BF28: DSEIN028 | BG28: 1-28825212100 | BH28: PT-MUSTIKA JAYADSEIN028 | BI28: PT-MUSTIKA JAYA1-28825212100 | BJ28: TRUE | BK28: TRUE | BN28: 0 | BO28: MUHAMAD RIFALDI | BP28: Ali Sabana
A29: IOH | B29: INNER JAKARTA | C29: BEKASI | D29: MC-PONDOK GEDE | E29: PT-PONDOK GEDE | F29: D2023077 | G29: D52609208 | H29: DISTRIBUSI VOUCHER NUSANTARA | I29: FALSE | J29: DISTRIBUSI VOUCHER NUSANTARA | K29: FALSE | L29: CSOBKSB-04 | M29: CSOBKSB-043ID | N29: ACTIVE | P29: ACTIVE | R29: D52609208 | S29: =R29=G29 -> TRUE | T29: D2023077 | U29: =T29=F29 -> TRUE | V29: KONFIRM | W29: KONFIRM | X29: CSOBKSB-04 | Y29: CSOBKSB-043ID | Z29: ACTIVE | AA29: ACTIVE | AI29: STAFFINC | AJ29: Tidak Ada | AK29: NURHAEDI | AM29: NURHAEDI | AN29: NURHAEDI | AP29: Jl. Kp. Cikunir, RT/RW.002/008, No.29, Kel. Jatikramat, Kec. Jatiasih 17421 | AQ29: 3201170809850002 | AR29: PRIA | AU29: 628166333327 | AX29: BKS_PG_26 | AZ29: D2023077 | BA29: DISTRIBUSI VOUCHER NUSANTARA, PT | BB29: D52609208 | BC29: PT DISTRIBUSI VOUCHER NUSANTARA PONDOK GEDE | BD29: TRUE | BE29: TRUE | BF29: CSOBKSB-04 | BG29: CSOBKSB-043ID | BH29: PT-PONDOK GEDECSOBKSB-04 | BI29: PT-PONDOK GEDECSOBKSB-043ID | BJ29: TRUE | BK29: TRUE | BN29: 0 | BO29: RULLI PRATAMA | BP29: Ali Sabana
A30: IOH | B30: INNER JAKARTA | C30: BEKASI | D30: MC-PONDOK GEDE | E30: PT-PONDOK GEDE | F30: D2023077 | G30: D52609208 | H30: DISTRIBUSI VOUCHER NUSANTARA | I30: FALSE | J30: DISTRIBUSI VOUCHER NUSANTARA | K30: FALSE | L30: CSOBKSB-08 | M30: CSOBKSB-083ID | N30: ACTIVE | P30: ACTIVE | R30: D52609208 | S30: =R30=G30 -> TRUE | T30: D2023077 | U30: =T30=F30 -> TRUE | V30: KONFIRM | W30: KONFIRM | X30: CSOBKSB-08 | Y30: CSOBKSB-083ID | Z30: ACTIVE | AA30: ACTIVE | AI30: STAFFINC | AJ30: Tidak Ada | AK30: SUSANTO | AM30: SUSANTO | AN30: SUSANTO | AP30: jl. pisang kepok lll FD3 NO.2 RT.002/RW.012 KEL.KOTA BARU KEC.BEKASI BARAT KOTA BEKASI | AQ30: 3275081611870017 | AR30: PRIA | AU30: 628165671777 | AX30: BKS_PG_32 | AZ30: D2023077 | BA30: DISTRIBUSI VOUCHER NUSANTARA, PT | BB30: D52609208 | BC30: PT DISTRIBUSI VOUCHER NUSANTARA PONDOK GEDE | BD30: TRUE | BE30: TRUE | BF30: CSOBKSB-08 | BG30: CSOBKSB-083ID | BH30: PT-PONDOK GEDECSOBKSB-08 | BI30: PT-PONDOK GEDECSOBKSB-083ID | BJ30: TRUE | BK30: TRUE | BN30: 0 | BO30: RULLI PRATAMA | BP30: Ali Sabana
A31: IOH | B31: INNER JAKARTA | C31: BEKASI | D31: MC-PONDOK GEDE | E31: PT-PONDOK GEDE | F31: D2023077 | G31: D52609208 | H31: DISTRIBUSI VOUCHER NUSANTARA | I31: FALSE | J31: DISTRIBUSI VOUCHER NUSANTARA | K31: FALSE | L31: CSOBKSB-09 | M31: CSOBKSB-093ID | N31: ACTIVE | P31: ACTIVE | R31: D52609208 | S31: =R31=G31 -> TRUE | T31: D2023077 | U31: =T31=F31 -> TRUE | V31: KONFIRM | W31: KONFIRM | X31: CSOBKSB-09 | Y31: CSOBKSB-093ID | Z31: ACTIVE | AA31: ACTIVE | AI31: STAFFINC | AJ31: Tidak Ada | AK31: HERMANSYAH | AM31: HERMANSYAH | AN31: HERMANSYAH | AP31: Jl. H. Ahyar, RW.5, Duren Sawit, Kec. Duren Sawit, Kota Jakarta Timur, Daerah Khusus Ibukota Jakarta 13440, Indonesia | AQ31: 3175071504820010 | AR31: PRIA | AU31: 62858940940827 | AX31: BKS_PG_27 | AZ31: D2023077 | BA31: DISTRIBUSI VOUCHER NUSANTARA, PT | BB31: D52609208 | BC31: PT DISTRIBUSI VOUCHER NUSANTARA PONDOK GEDE | BD31: TRUE | BE31: TRUE | BF31: CSOBKSB-09 | BG31: CSOBKSB-093ID | BH31: PT-PONDOK GEDECSOBKSB-09 | BI31: PT-PONDOK GEDECSOBKSB-093ID | BJ31: TRUE | BK31: TRUE | BN31: 0 | BO31: RULLI PRATAMA | BP31: Ali Sabana
A32: IOH | B32: INNER JAKARTA | C32: BEKASI | D32: MC-PONDOK GEDE | E32: PT-PONDOK GEDE | F32: D2023077 | G32: D52609208 | H32: DISTRIBUSI VOUCHER NUSANTARA | I32: FALSE | J32: DISTRIBUSI VOUCHER NUSANTARA | K32: FALSE | L32: CSOBKSB-10 | M32: CSOBKSB-103ID | N32: ACTIVE | P32: ACTIVE | R32: D52609208 | S32: =R32=G32 -> TRUE | T32: D2023077 | U32: =T32=F32 -> TRUE | V32: KONFIRM | W32: KONFIRM | X32: CSOBKSB-10 | Y32: CSOBKSB-103ID | Z32: ACTIVE | AA32: ACTIVE | AI32: STAFFINC | AJ32: Tidak Ada | AK32: MULYADI | AM32: MULYADI | AN32: MULYADI | AP32: jln. kp sumur klender rt. 006 rw. 017 no. 02 jakarta timur | AQ32: 3175072710880014 | AR32: PRIA | AU32: 62857765555347 | AX32: BKS_PG_33 | AZ32: D2023077 | BA32: DISTRIBUSI VOUCHER NUSANTARA, PT | BB32: D52609208 | BC32: PT DISTRIBUSI VOUCHER NUSANTARA PONDOK GEDE | BD32: TRUE | BE32: TRUE | BF32: CSOBKSB-10 | BG32: CSOBKSB-103ID | BH32: PT-PONDOK GEDECSOBKSB-10 | BI32: PT-PONDOK GEDECSOBKSB-103ID | BJ32: TRUE | BK32: TRUE | BN32: 0 | BO32: RULLI PRATAMA | BP32: Ali Sabana
A33: IOH | B33: INNER JAKARTA | C33: BEKASI | D33: MC-PONDOK GEDE | E33: PT-PONDOK GEDE | F33: D2023077 | G33: D52609208 | H33: DISTRIBUSI VOUCHER NUSANTARA | I33: FALSE | J33: DISTRIBUSI VOUCHER NUSANTARA | K33: FALSE | L33: CSOBKSB-11 | M33: CSOBKSB-113ID | N33: ACTIVE | P33: ACTIVE | R33: D52609208 | S33: =R33=G33 -> TRUE | T33: D2023077 | U33: =T33=F33 -> TRUE | V33: KONFIRM | W33: KONFIRM | X33: CSOBKSB-11 | Y33: CSOBKSB-113ID | Z33: ACTIVE | AA33: ACTIVE | AI33: STAFFINC | AJ33: Tidak Ada | AK33: AGUNG PURWOKO | AM33: AGUNG PURWOKO | AN33: AGUNG PURWOKO | AP33: jl.kramataris no.128 RT.07 RW 03 Setu ,cipayung | AQ33: 3175100901780002 | AR33: PRIA | AU33: 62856970280217 | AX33: BKS_PG_31 | AZ33: D2023077 | BA33: DISTRIBUSI VOUCHER NUSANTARA, PT | BB33: D52609208 | BC33: PT DISTRIBUSI VOUCHER NUSANTARA PONDOK GEDE | BD33: TRUE | BE33: TRUE | BF33: CSOBKSB-11 | BG33: CSOBKSB-113ID | BH33: PT-PONDOK GEDECSOBKSB-11 | BI33: PT-PONDOK GEDECSOBKSB-113ID | BJ33: TRUE | BK33: TRUE | BN33: 0 | BO33: RULLI PRATAMA | BP33: Ali Sabana
A34: IOH | B34: INNER JAKARTA | C34: BEKASI | D34: MC-PONDOK GEDE | E34: PT-PONDOK GEDE | F34: D2023077 | G34: D52609208 | H34: DISTRIBUSI VOUCHER NUSANTARA | I34: FALSE | J34: DISTRIBUSI VOUCHER NUSANTARA | K34: FALSE | L34: CSOBKSB-16 | M34: CSOBKSB-163ID | N34: NOT FOUND | P34: ACTIVE | R34: D52609208 | S34: =R34=G34 -> TRUE | U34: =T34=F34 -> FALSE | V34: CREATE | W34: KONFIRM | X34: CSOBKSB-16 | Y34: CSOBKSB-163ID | Z34: ACTIVE | AA34: ACTIVE | AI34: STAFFINC | AJ34: Tidak Ada | AK34: MUHAMMAD RIZALDI | AM34: MUHAMMAD RIZALDI | AN34: MUHAMMAD RIZALDI | AP34: jalan celepuk 1 rt 003 rw012, jatimakmur,pondok gede, bekasi | AQ34: 3275082107920008 | AR34: PRIA | AU34: 62815746723287 | AX34: BKS_PG_25 | AZ34: D2023077 | BA34: DISTRIBUSI VOUCHER NUSANTARA, PT | BB34: D52609208 | BC34: PT DISTRIBUSI VOUCHER NUSANTARA PONDOK GEDE | BD34: TRUE | BE34: TRUE | BF34: CSOBKSB-16 | BG34: CSOBKSB-163ID | BH34: PT-PONDOK GEDECSOBKSB-16 | BI34: PT-PONDOK GEDECSOBKSB-163ID | BJ34: TRUE | BK34: TRUE | BN34: 0 | BO34: RULLI PRATAMA | BP34: Ali Sabana
A35: IOH | B35: INNER JAKARTA | C35: BEKASI | D35: MC-PONDOK GEDE | E35: PT-PONDOK GEDE | F35: D2023077 | G35: D52609208 | H35: DISTRIBUSI VOUCHER NUSANTARA | I35: FALSE | J35: DISTRIBUSI VOUCHER NUSANTARA | K35: FALSE | L35: DSEIN001 | M35: 1-136173742147 | N35: ACTIVE | P35: ACTIVE | R35: D52609208 | S35: =R35=G35 -> TRUE | T35: D2023077 | U35: =T35=F35 -> TRUE | V35: KONFIRM | W35: KONFIRM | X35: DSEIN001 | Y35: 1-136173742147 | Z35: ACTIVE | AA35: ACTIVE | AI35: STAFFINC | AJ35: Ada | AK35: SANDY SAPUTRA | AM35: SANDY SAPUTRA | AO35: FALSE | AP35: Kp Pedurenan Rt05 Rw011 Jatiluhur Jatiasih Bekasi kota | AQ35: 3275022305800020 | AR35: PRIA | AS35: CSO | AT35: 08985560045 | AU35: 628985560045 | AV35: Saputrasandi2305@gamil.com | AX35: BKS_PG_30 | AY35: ID Tidak sesuai | AZ35: D2023077 | BA35: DISTRIBUSI VOUCHER NUSANTARA, PT | BB35: D52609208 | BC35: PT DISTRIBUSI VOUCHER NUSANTARA PONDOK GEDE | BD35: TRUE | BE35: TRUE | BF35: DSEIN001 | BG35: 1-136173742147 | BH35: PT-PONDOK GEDEDSEIN001 | BI35: PT-PONDOK GEDE1-136173742147 | BJ35: TRUE | BK35: TRUE | BN35: 0 | BO35: RULLI PRATAMA | BP35: Ali Sabana
A36: IOH | B36: INNER JAKARTA | C36: BEKASI | D36: MC-PONDOK GEDE | E36: PT-PONDOK GEDE | F36: D2023077 | G36: D52609208 | H36: DISTRIBUSI VOUCHER NUSANTARA | I36: FALSE | J36: DISTRIBUSI VOUCHER NUSANTARA | K36: FALSE | L36: DSEIN004 | M36: 1-28825212094 | N36: ACTIVE | P36: ACTIVE | R36: D52609208 | S36: =R36=G36 -> TRUE | T36: D2023077 | U36: =T36=F36 -> TRUE | V36: KONFIRM | W36: KONFIRM | X36: DSEIN004 | Y36: 1-28825212094 | Z36: ACTIVE | AA36: ACTIVE | AI36: STAFFINC | AJ36: Tidak Ada | AK36: ADNAN S BADRUN | AM36: ADNAN S BADRUN | AN36: ADNAN S BADRUN | AP36: Taman Cikunir Indah Blok C5 No.10 RT001/ RW011 Jakamulya Bekasi Selatan 17146 | AQ36: 3275042511870015 | AR36: PRIA | AU36: 6289602778076 | AX36: BKS_PG_28 | AZ36: D2023077 | BA36: DISTRIBUSI VOUCHER NUSANTARA, PT | BB36: D52609208 | BC36: PT DISTRIBUSI VOUCHER NUSANTARA PONDOK GEDE | BD36: TRUE | BE36: TRUE | BF36: DSEIN004 | BG36: 1-28825212094 | BH36: PT-PONDOK GEDEDSEIN004 | BI36: PT-PONDOK GEDE1-28825212094 | BJ36: TRUE | BK36: TRUE | BN36: 0 | BO36: RULLI PRATAMA | BP36: Ali Sabana
A37: IOH | B37: INNER JAKARTA | C37: BEKASI | D37: MC-PONDOK GEDE | E37: PT-PONDOK GEDE | F37: D2023077 | G37: D52609208 | H37: DISTRIBUSI VOUCHER NUSANTARA | I37: FALSE | J37: DISTRIBUSI VOUCHER NUSANTARA | K37: FALSE | L37: DSEIN022 | M37: 1-28825212096 | N37: ACTIVE | P37: ACTIVE | R37: D52609208 | S37: =R37=G37 -> TRUE | T37: D2023077 | U37: =T37=F37 -> TRUE | V37: KONFIRM | W37: KONFIRM | X37: DSEIN022 | Y37: 1-28825212096 | Z37: ACTIVE | AA37: ACTIVE | AI37: STAFFINC | AJ37: Ada | AK37: ZULFIKAR | AM37: Jefri indrawan (DSE Not Active) | AN37: ZULFIKAR | AO37: FALSE | AP37: Jl balai rakyat jakarta timur | AQ37: 3175073108840007 | AR37: PRIA | AS37: CSO | AT37: 089602778077 | AU37: 6289602778077 | AV37: 1718arzu@gmail.com | AX37: BKS_PG_34 | AY37: Nama tidak sesuai | AZ37: D2023077 | BA37: DISTRIBUSI VOUCHER NUSANTARA, PT | BB37: D52609208 | BC37: PT DISTRIBUSI VOUCHER NUSANTARA PONDOK GEDE | BD37: TRUE | BE37: TRUE | BF37: DSEIN022 | BG37: 1-28825212096 | BH37: PT-PONDOK GEDEDSEIN022 | BI37: PT-PONDOK GEDE1-28825212096 | BJ37: TRUE | BK37: TRUE | BN37: 0 | BO37: RULLI PRATAMA | BP37: Ali Sabana
